INSERT IGNORE INTO region (sido, sigungu) VALUES

-- 서울특별시
('서울특별시','종로구'),('서울특별시','중구'),('서울특별시','용산구'),
('서울특별시','성동구'),('서울특별시','광진구'),('서울특별시','동대문구'),
('서울특별시','중랑구'),('서울특별시','성북구'),('서울특별시','강북구'),
('서울특별시','도봉구'),('서울특별시','노원구'),('서울특별시','은평구'),
('서울특별시','서대문구'),('서울특별시','마포구'),('서울특별시','양천구'),
('서울특별시','강서구'),('서울특별시','구로구'),('서울특별시','금천구'),
('서울특별시','영등포구'),('서울특별시','동작구'),('서울특별시','관악구'),
('서울특별시','서초구'),('서울특별시','강남구'),('서울특별시','송파구'),
('서울특별시','강동구'),

-- 부산광역시
('부산광역시','중구'),('부산광역시','서구'),('부산광역시','동구'),
('부산광역시','영도구'),('부산광역시','부산진구'),('부산광역시','동래구'),
('부산광역시','남구'),('부산광역시','북구'),('부산광역시','해운대구'),
('부산광역시','사하구'),('부산광역시','금정구'),('부산광역시','강서구'),
('부산광역시','연제구'),('부산광역시','수영구'),('부산광역시','사상구'),
('부산광역시','기장군'),

-- 대구광역시
('대구광역시','중구'),('대구광역시','동구'),('대구광역시','서구'),
('대구광역시','남구'),('대구광역시','북구'),('대구광역시','수성구'),
('대구광역시','달서구'),('대구광역시','달성군'),('대구광역시','군위군'),

-- 인천광역시
('인천광역시','중구'),('인천광역시','동구'),('인천광역시','미추홀구'),
('인천광역시','연수구'),('인천광역시','남동구'),('인천광역시','부평구'),
('인천광역시','계양구'),('인천광역시','서구'),('인천광역시','강화군'),
('인천광역시','옹진군'),

-- 광주광역시
('광주광역시','동구'),('광주광역시','서구'),
('광주광역시','남구'),('광주광역시','북구'),('광주광역시','광산구'),

-- 대전광역시
('대전광역시','동구'),('대전광역시','중구'),
('대전광역시','서구'),('대전광역시','유성구'),('대전광역시','대덕구'),

-- 울산광역시
('울산광역시','중구'),('울산광역시','남구'),
('울산광역시','동구'),('울산광역시','북구'),('울산광역시','울주군'),

-- 세종특별자치시
('세종특별자치시','세종시'),

-- 경기도 (구 있는 시 분해)
('경기도','수원시 장안구'),('경기도','수원시 권선구'),
('경기도','수원시 팔달구'),('경기도','수원시 영통구'),

('경기도','성남시 수정구'),('경기도','성남시 중원구'),('경기도','성남시 분당구'),
('경기도','안양시 만안구'),('경기도','안양시 동안구'),
('경기도','부천시'),
('경기도','광명시'),
('경기도','평택시'),
('경기도','동두천시'),
('경기도','안산시 상록구'),('경기도','안산시 단원구'),
('경기도','고양시 덕양구'),('경기도','고양시 일산동구'),('경기도','고양시 일산서구'),
('경기도','과천시'),
('경기도','구리시'),
('경기도','남양주시'),
('경기도','오산시'),
('경기도','시흥시'),
('경기도','군포시'),
('경기도','의왕시'),
('경기도','하남시'),
('경기도','용인시 처인구'),('경기도','용인시 기흥구'),('경기도','용인시 수지구'),
('경기도','파주시'),
('경기도','이천시'),
('경기도','안성시'),
('경기도','김포시'),
('경기도','화성시'),
('경기도','광주시'),
('경기도','양주시'),
('경기도','포천시'),
('경기도','여주시'),
('경기도','연천군'),('경기도','가평군'),('경기도','양평군'),

-- 강원특별자치도
('강원특별자치도','춘천시'),('강원특별자치도','원주시'),
('강원특별자치도','강릉시'),('강원특별자치도','동해시'),
('강원특별자치도','태백시'),('강원특별자치도','속초시'),
('강원특별자치도','삼척시'),
('강원특별자치도','홍천군'),('강원특별자치도','횡성군'),
('강원특별자치도','영월군'),('강원특별자치도','평창군'),
('강원특별자치도','정선군'),('강원특별자치도','철원군'),
('강원특별자치도','화천군'),('강원특별자치도','양구군'),
('강원특별자치도','인제군'),('강원특별자치도','고성군'),
('강원특별자치도','양양군'),

-- 충청북도
('충청북도','청주시 상당구'),('충청북도','청주시 서원구'),
('충청북도','청주시 흥덕구'),('충청북도','청주시 청원구'),

('충청북도','충주시'),('충청북도','제천시'),
('충청북도','보은군'),('충청북도','옥천군'),
('충청북도','영동군'),('충청북도','증평군'),
('충청북도','진천군'),('충청북도','괴산군'),
('충청북도','음성군'),('충청북도','단양군'),

-- 충청남도
('충청남도','천안시 동남구'),('충청남도','천안시 서북구'),
('충청남도','공주시'),('충청남도','보령시'),
('충청남도','아산시'),('충청남도','서산시'),
('충청남도','논산시'),('충청남도','계룡시'),
('충청남도','당진시'),
('충청남도','금산군'),('충청남도','부여군'),
('충청남도','서천군'),('충청남도','청양군'),
('충청남도','홍성군'),('충청남도','예산군'),
('충청남도','태안군'),

-- 전북특별자치도
('전북특별자치도','전주시 완산구'),('전북특별자치도','전주시 덕진구'),
('전북특별자치도','군산시'),('전북특별자치도','익산시'),
('전북특별자치도','정읍시'),('전북특별자치도','남원시'),
('전북특별자치도','김제시'),
('전북특별자치도','완주군'),('전북특별자치도','진안군'),
('전북특별자치도','무주군'),('전북특별자치도','장수군'),
('전북특별자치도','임실군'),('전북특별자치도','순창군'),
('전북특별자치도','고창군'),('전북특별자치도','부안군'),

-- 전라남도
('전라남도','목포시'),('전라남도','여수시'),
('전라남도','순천시'),('전라남도','나주시'),
('전라남도','광양시'),
('전라남도','담양군'),('전라남도','곡성군'),
('전라남도','구례군'),('전라남도','고흥군'),
('전라남도','보성군'),('전라남도','화순군'),
('전라남도','장흥군'),('전라남도','강진군'),
('전라남도','해남군'),('전라남도','영암군'),
('전라남도','무안군'),('전라남도','함평군'),
('전라남도','영광군'),('전라남도','장성군'),
('전라남도','완도군'),('전라남도','진도군'),
('전라남도','신안군'),

-- 경상북도
('경상북도','포항시 남구'),('경상북도','포항시 북구'),
('경상북도','경주시'),('경상북도','김천시'),
('경상북도','안동시'),('경상북도','구미시'),
('경상북도','영주시'),('경상북도','영천시'),
('경상북도','상주시'),('경상북도','문경시'),
('경상북도','경산시'),
('경상북도','의성군'),('경상북도','청송군'),
('경상북도','영양군'),('경상북도','영덕군'),
('경상북도','청도군'),('경상북도','고령군'),
('경상북도','성주군'),('경상북도','칠곡군'),
('경상북도','예천군'),('경상북도','봉화군'),
('경상북도','울진군'),('경상북도','울릉군'),

-- 경상남도
('경상남도','창원시 의창구'),('경상남도','창원시 성산구'),
('경상남도','창원시 마산합포구'),('경상남도','창원시 마산회원구'),
('경상남도','창원시 진해구'),

('경상남도','진주시'),('경상남도','통영시'),
('경상남도','사천시'),('경상남도','김해시'),
('경상남도','밀양시'),('경상남도','거제시'),
('경상남도','양산시'),
('경상남도','의령군'),('경상남도','함안군'),
('경상남도','창녕군'),('경상남도','고성군'),
('경상남도','남해군'),('경상남도','하동군'),
('경상남도','산청군'),('경상남도','함양군'),
('경상남도','거창군'),('경상남도','합천군'),

-- 제주특별자치도
('제주특별자치도','제주시'),('제주특별자치도','서귀포시');

-- 브랜드
INSERT IGNORE INTO Brand (id, name, business_type, logo_img, ceo_name, hq_address, founded_date) VALUES
-- 1. MANUAL_LABOR (물류/상하차)
(1, '쿠팡', 'MANUAL_LABOR', '/uploads/companyLogo/brandLogo/coupang.png', '로저스 해롤드 린', '서울특별시 송파구 송파대로 570', '2013-07-16'),
(2, 'CJ대한통운', 'MANUAL_LABOR', '/uploads/companyLogo/brandLogo/cj_logistics.png', '신영수', '서울특별시 종로구 종로5길 7', '1930-11-25'),
(3, '한진택배', 'MANUAL_LABOR', '/uploads/companyLogo/brandLogo/hanjin.png', '노삼석', '서울특별시 중구 남대문로 63', '1958-03-10'),
(4, '롯데택배', 'MANUAL_LABOR', '/uploads/companyLogo/brandLogo/lotte_glogis.png', '강병구', '서울특별시 중구 통일로 10', '1988-06-13'),
(5, '로젠택배', 'MANUAL_LABOR', '/uploads/companyLogo/brandLogo/logen.png', '김동주', '경기도 성남시 수정구 창업로57번길 7', '1999-04-15'),
-- 2. RETAIL_STORE (편의점)
(6, 'CU', 'RETAIL_STORE', '/uploads/companyLogo/brandLogo/cu.png', '민승배', '서울특별시 강남구 테헤란로 405', '2017-11-01'),
(7, 'GS25', 'RETAIL_STORE', '/uploads/companyLogo/brandLogo/gs25.png', '허서홍', '서울특별시 강남구 논현로 508', '1971-02-13'),
(8, '세븐일레븐', 'RETAIL_STORE', '/uploads/companyLogo/brandLogo/seven_eleven.png', '김홍철', '서울특별시 강동구 천호대로 1077', '1988-05-21'),
(9, '이마트24', 'RETAIL_STORE', '/uploads/companyLogo/brandLogo/emart24.png', '최진일', '서울특별시 성동구 성수이로 42', '2006-06-01'),
-- 3. CAFE (카페)
(10, '스타벅스', 'CAFE', '/uploads/companyLogo/brandLogo/starbucks.png', '손정현', '서울특별시 중구 소공로 112', '1997-12-01'),
(11, '메가커피', 'CAFE', '/uploads/companyLogo/brandLogo/megacoffee.png', '김대영', '서울특별시 강남구 강남대로 518', '2015-12-01'),
(12, '투썸플레이스', 'CAFE', '/uploads/companyLogo/brandLogo/twosome.png', '문영주', '서울특별시 중구 을지로 170', '2002-12-05'),
(13, '공차', 'CAFE', '/uploads/companyLogo/brandLogo/gongcha.png', '고희경', '서울특별시 종로구 종로 47', '2012-04-01'),
(14, '매머드커피', 'CAFE', '/uploads/companyLogo/brandLogo/mammoth.png', '김의식', '서울특별시 중구 서소문로 89-20', '2012-12-01'),
(15, '빽다방', 'CAFE', '/uploads/companyLogo/brandLogo/paikdabang.png', '백종원', '서울특별시 강남구 봉은사로 1길 39', '2006-09-01'),
(16, '컴포즈커피', 'CAFE', '/uploads/companyLogo/brandLogo/compose.png', '김진성', '부산광역시 기장군 기장해안로 236', '2014-11-01'),
(17, '이디야', 'CAFE', '/uploads/companyLogo/brandLogo/ediya.png', '문창기', '서울특별시 강남구 논현로 636', '2001-03-01'),
(18, '커피빈', 'CAFE', '/uploads/companyLogo/brandLogo/coffeebean.png', '박상배', '서울특별시 강남구 테헤란로 409', '2000-06-16'),
-- 4. FOOD_RESTAURANT (음식점)
(19, '롯데리아', 'FOOD_RESTAURANT', '/uploads/companyLogo/brandLogo/lotteria.png', '차우철', '서울특별시 송파구 올림픽로 300', '1979-10-25'),
(20, '맥도날드', 'FOOD_RESTAURANT', '/uploads/companyLogo/brandLogo/mcdonalds.png', '김기원', '서울특별시 종로구 종로 1', '1986-09-01'),
(21, '맘스터치', 'FOOD_RESTAURANT', '/uploads/companyLogo/brandLogo/momstouch.png', '김동전', '서울특별시 강동구 천호대로 1077', '1997-12-01'),
(22, '버거킹', 'FOOD_RESTAURANT', '/uploads/companyLogo/brandLogo/burgerking.png', '이동형', '서울특별시 종로구 삼봉로 71', '1984-04-01'),
(23, '써브웨이', 'FOOD_RESTAURANT', '/uploads/companyLogo/brandLogo/subway.png', '조인수', '서울특별시 서초구 강남대로 535', '1991-05-01'),
(24, 'KFC', 'FOOD_RESTAURANT', '/uploads/companyLogo/brandLogo/kfc.png', '신호상', '서울특별시 중구 세종대로 39', '1984-04-01'),
(25, '도미노피자', 'FOOD_RESTAURANT', '/uploads/companyLogo/brandLogo/dominos.png', '오광현', '서울특별시 강남구 언주로 315', '1990-01-01'),
(26, '피자헛', 'FOOD_RESTAURANT', '/uploads/companyLogo/brandLogo/pizzahut.png', '김진영', '서울특별시 영등포구 의사당대로 83', '1985-02-01'),
(27, '교촌치킨', 'FOOD_RESTAURANT', '/uploads/companyLogo/brandLogo/kyochon.png', '송종화', '경기도 오산시 양산로 12', '1991-03-13'),
(28, 'BBQ', 'FOOD_RESTAURANT', '/uploads/companyLogo/brandLogo/bbq.png', '정승욱', '서울특별시 송파구 중대로 64', '1995-09-01'),
(29, 'BHC', 'FOOD_RESTAURANT', '/uploads/companyLogo/brandLogo/bhc.png', '송호섭', '서울특별시 송파구 올림픽로 300', '2004-09-01'),
(30, '배스킨라빈스', 'FOOD_RESTAURANT', '/uploads/companyLogo/brandLogo/baskinrobbins.png', '도세호', '서울특별시 서초구 남부순환로 2620', '1985-06-01'),
(31, '역전할머니맥주', 'FOOD_RESTAURANT', '/uploads/companyLogo/brandLogo/yukjeon.png', '송성호', '서울특별시 강남구 테헤란로 419', '2016-10-01'),
(32, '한신포차', 'FOOD_RESTAURANT', '/uploads/companyLogo/brandLogo/hanshin.png', '백종원', '서울특별시 강남구 봉은사로 1길 39', '1998-05-01'),
(33, '투다리', 'FOOD_RESTAURANT', '/uploads/companyLogo/brandLogo/tudari.png', '김영길', '인천광역시 미추홀구 경인로 452', '1987-07-13'),
(34, '던킨', 'FOOD_RESTAURANT', '/uploads/companyLogo/brandLogo/dunkin.png', '도세호', '서울특별시 서초구 남부순환로 2620', '1994-01-01'),
(35, '뚜레쥬르', 'FOOD_RESTAURANT', '/uploads/companyLogo/brandLogo/touslesjours.png', '허민회', '서울특별시 중구 마른내로 34', '1997-09-01'),
(36, '파리바게뜨', 'FOOD_RESTAURANT', '/uploads/companyLogo/brandLogo/parisbaguette.png', '허진수', '경기도 성남시 분당구 양현로 167', '1986-10-17'),
-- 5. RETAIL_STORE (PC방 등)
(37, '3POP PC방', 'RETAIL_STORE', '/uploads/companyLogo/brandLogo/3pop.png', '김성식', '서울특별시 성동구 성수이로 147', '2014-03-10'),
(38, '아이센스리그 PC방', 'RETAIL_STORE', '/uploads/companyLogo/brandLogo/isense.png', '윤석범', '서울특별시 구로구 디지털로 273', '1998-05-15'),
(39, '레드포스 PC방', 'RETAIL_STORE', '/uploads/companyLogo/brandLogo/redforce.png', '오지환', '서울특별시 서초구 강남대로 311', '2020-12-01'),
-- 6. DELIVERY_DRIVER (배달 플랫폼)
(40, '배달의민족', 'DELIVERY_DRIVER', '/uploads/companyLogo/brandLogo/baemin.png', '김범석', '서울특별시 송파구 위례성대로 2', '2011-03-10'),
(41, '쿠팡이츠', 'DELIVERY_DRIVER', '/uploads/companyLogo/brandLogo/coupangeats.png', '김명규', '서울특별시 송파구 송파대로 570', '2021-05-15'),
(42, '요기요', 'DELIVERY_DRIVER', '/uploads/companyLogo/brandLogo/yogiyo.png', '전준희', '서울특별시 서초구 서초대로 38길 12', '2011-11-01'),
(43, '땡겨요', 'DELIVERY_DRIVER', '/uploads/companyLogo/brandLogo/ddangyo.png', '정상혁', '서울특별시 중구 세종대로 9', '2022-01-14');






-- 더미데이터 2차 ------------------------------------------------------------------
-- 개인 회원
INSERT IGNORE INTO member (id, name, birth_date, gender, phone, email, image, password, member_type, rating_sum, rating_count) VALUES
(1, '김민준', '1989-02-02', 'MALE', '010-1201-3101', 'individual01@albatalk.kr', '/uploads/userProfileImg/individual_01.jpg', '$2a$10$abcdefghijklmnopqrstuv1234567890abcd', 'INDIVIDUAL', 0, 0),
(2, '이서준', '1990-03-03', 'FEMALE', '010-1202-3102', 'individual02@albatalk.kr', '/uploads/userProfileImg/individual_02.jpg', '$2a$10$abcdefghijklmnopqrstuv1234567890abcd', 'INDIVIDUAL', 0, 0),
(3, '박지훈', '1991-04-04', 'MALE', '010-1203-3103', 'individual03@albatalk.kr', '/uploads/userProfileImg/individual_03.jpg', '$2a$10$abcdefghijklmnopqrstuv1234567890abcd', 'INDIVIDUAL', 0, 0),
(4, '최도윤', '1992-05-05', 'FEMALE', '010-1204-3104', 'individual04@albatalk.kr', NULL, '$2a$10$abcdefghijklmnopqrstuv1234567890abcd', 'INDIVIDUAL', 0, 0),
(5, '정하준', '1993-06-06', 'MALE', '010-1205-3105', 'individual05@albatalk.kr', '/uploads/userProfileImg/individual_05.jpg', '$2a$10$abcdefghijklmnopqrstuv1234567890abcd', 'INDIVIDUAL', 0, 0),
(6, '강시우', '1994-07-07', 'FEMALE', '010-1206-3106', 'individual06@albatalk.kr', '/uploads/userProfileImg/individual_06.jpg', '$2a$10$abcdefghijklmnopqrstuv1234567890abcd', 'INDIVIDUAL', 0, 0),
(7, '조예준', '1995-08-08', 'MALE', '010-1207-3107', 'individual07@albatalk.kr', '/uploads/userProfileImg/individual_07.jpg', '$2a$10$abcdefghijklmnopqrstuv1234567890abcd', 'INDIVIDUAL', 0, 0),
(8, '윤건우', '1996-09-09', 'FEMALE', '010-1208-3108', 'individual08@albatalk.kr', NULL, '$2a$10$abcdefghijklmnopqrstuv1234567890abcd', 'INDIVIDUAL', 0, 0),
(9, '장우진', '1997-10-10', 'MALE', '010-1209-3109', 'individual09@albatalk.kr', '/uploads/userProfileImg/individual_09.jpg', '$2a$10$abcdefghijklmnopqrstuv1234567890abcd', 'INDIVIDUAL', 0, 0),
(10, '임현우', '1998-11-11', 'FEMALE', '010-1210-3110', 'individual10@albatalk.kr', '/uploads/userProfileImg/individual_10.jpg', '$2a$10$abcdefghijklmnopqrstuv1234567890abcd', 'INDIVIDUAL', 0, 0),
(11, '한지호', '1999-12-12', 'MALE', '010-1211-3111', 'individual11@albatalk.kr', '/uploads/userProfileImg/individual_11.jpg', '$2a$10$abcdefghijklmnopqrstuv1234567890abcd', 'INDIVIDUAL', 0, 0),
(12, '오준서', '1988-01-13', 'FEMALE', '010-1212-3112', 'individual12@albatalk.kr', NULL, '$2a$10$abcdefghijklmnopqrstuv1234567890abcd', 'INDIVIDUAL', 0, 0),
(13, '서유찬', '1989-02-14', 'MALE', '010-1213-3113', 'individual13@albatalk.kr', '/uploads/userProfileImg/individual_13.jpg', '$2a$10$abcdefghijklmnopqrstuv1234567890abcd', 'INDIVIDUAL', 0, 0),
(14, '신도현', '1990-03-15', 'FEMALE', '010-1214-3114', 'individual14@albatalk.kr', '/uploads/userProfileImg/individual_14.jpg', '$2a$10$abcdefghijklmnopqrstuv1234567890abcd', 'INDIVIDUAL', 0, 0),
(15, '권지안', '1991-04-16', 'MALE', '010-1215-3115', 'individual15@albatalk.kr', '/uploads/userProfileImg/individual_15.jpg', '$2a$10$abcdefghijklmnopqrstuv1234567890abcd', 'INDIVIDUAL', 0, 0),
(16, '황태윤', '1992-05-17', 'FEMALE', '010-1216-3116', 'individual16@albatalk.kr', NULL, '$2a$10$abcdefghijklmnopqrstuv1234567890abcd', 'INDIVIDUAL', 0, 0),
(17, '안주원', '1993-06-18', 'MALE', '010-1217-3117', 'individual17@albatalk.kr', '/uploads/userProfileImg/individual_17.jpg', '$2a$10$abcdefghijklmnopqrstuv1234567890abcd', 'INDIVIDUAL', 0, 0),
(18, '송은우', '1994-07-19', 'FEMALE', '010-1218-3118', 'individual18@albatalk.kr', '/uploads/userProfileImg/individual_18.jpg', '$2a$10$abcdefghijklmnopqrstuv1234567890abcd', 'INDIVIDUAL', 0, 0),
(19, '류정민', '1995-08-20', 'MALE', '010-1219-3119', 'individual19@albatalk.kr', '/uploads/userProfileImg/individual_19.jpg', '$2a$10$abcdefghijklmnopqrstuv1234567890abcd', 'INDIVIDUAL', 0, 0),
(20, '전이든', '1996-09-21', 'FEMALE', '010-1220-3120', 'individual20@albatalk.kr', NULL, '$2a$10$abcdefghijklmnopqrstuv1234567890abcd', 'INDIVIDUAL', 0, 0),
(21, '고서연', '1997-10-22', 'MALE', '010-1221-3121', 'individual21@albatalk.kr', '/uploads/userProfileImg/individual_21.jpg', '$2a$10$abcdefghijklmnopqrstuv1234567890abcd', 'INDIVIDUAL', 0, 0),
(22, '문하린', '1998-11-23', 'FEMALE', '010-1222-3122', 'individual22@albatalk.kr', '/uploads/userProfileImg/individual_22.jpg', '$2a$10$abcdefghijklmnopqrstuv1234567890abcd', 'INDIVIDUAL', 0, 0),
(23, '남지우', '1999-12-24', 'MALE', '010-1223-3123', 'individual23@albatalk.kr', '/uploads/userProfileImg/individual_23.jpg', '$2a$10$abcdefghijklmnopqrstuv1234567890abcd', 'INDIVIDUAL', 0, 0),
(24, '백나연', '1988-01-25', 'FEMALE', '010-1224-3124', 'individual24@albatalk.kr', NULL, '$2a$10$abcdefghijklmnopqrstuv1234567890abcd', 'INDIVIDUAL', 0, 0),
(25, '심채원', '1989-02-26', 'MALE', '010-1225-3125', 'individual25@albatalk.kr', '/uploads/userProfileImg/individual_25.jpg', '$2a$10$abcdefghijklmnopqrstuv1234567890abcd', 'INDIVIDUAL', 0, 0),
(26, '노유진', '1990-03-27', 'FEMALE', '010-1226-3126', 'individual26@albatalk.kr', '/uploads/userProfileImg/individual_26.jpg', '$2a$10$abcdefghijklmnopqrstuv1234567890abcd', 'INDIVIDUAL', 0, 0),
(27, '민수아', '1991-04-01', 'MALE', '010-1227-3127', 'individual27@albatalk.kr', '/uploads/userProfileImg/individual_27.jpg', '$2a$10$abcdefghijklmnopqrstuv1234567890abcd', 'INDIVIDUAL', 0, 0),
(28, '진다은', '1992-05-02', 'FEMALE', '010-1228-3128', 'individual28@albatalk.kr', NULL, '$2a$10$abcdefghijklmnopqrstuv1234567890abcd', 'INDIVIDUAL', 0, 0),
(29, '양서윤', '1993-06-03', 'MALE', '010-1229-3129', 'individual29@albatalk.kr', '/uploads/userProfileImg/individual_29.jpg', '$2a$10$abcdefghijklmnopqrstuv1234567890abcd', 'INDIVIDUAL', 0, 0),
(30, '구하은', '1994-07-04', 'FEMALE', '010-1230-3130', 'individual30@albatalk.kr', '/uploads/userProfileImg/individual_30.jpg', '$2a$10$abcdefghijklmnopqrstuv1234567890abcd', 'INDIVIDUAL', 0, 0),
(31, '우지민', '1995-08-05', 'MALE', '010-1231-3131', 'individual31@albatalk.kr', '/uploads/userProfileImg/individual_31.jpg', '$2a$10$abcdefghijklmnopqrstuv1234567890abcd', 'INDIVIDUAL', 0, 0),
(32, '탁예린', '1996-09-06', 'FEMALE', '010-1232-3132', 'individual32@albatalk.kr', NULL, '$2a$10$abcdefghijklmnopqrstuv1234567890abcd', 'INDIVIDUAL', 0, 0),
(33, '변소율', '1997-10-07', 'MALE', '010-1233-3133', 'individual33@albatalk.kr', '/uploads/userProfileImg/individual_33.jpg', '$2a$10$abcdefghijklmnopqrstuv1234567890abcd', 'INDIVIDUAL', 0, 0),
(34, '도채아', '1998-11-08', 'FEMALE', '010-1234-3134', 'individual34@albatalk.kr', '/uploads/userProfileImg/individual_34.jpg', '$2a$10$abcdefghijklmnopqrstuv1234567890abcd', 'INDIVIDUAL', 0, 0),
(35, '표가은', '1999-12-09', 'MALE', '010-1235-3135', 'individual35@albatalk.kr', '/uploads/userProfileImg/individual_35.jpg', '$2a$10$abcdefghijklmnopqrstuv1234567890abcd', 'INDIVIDUAL', 0, 0),
(36, '염지안', '1988-01-10', 'FEMALE', '010-1236-3136', 'individual36@albatalk.kr', NULL, '$2a$10$abcdefghijklmnopqrstuv1234567890abcd', 'INDIVIDUAL', 0, 0),
(37, '길서아', '1989-02-11', 'MALE', '010-1237-3137', 'individual37@albatalk.kr', '/uploads/userProfileImg/individual_37.jpg', '$2a$10$abcdefghijklmnopqrstuv1234567890abcd', 'INDIVIDUAL', 0, 0),
(38, '연하랑', '1990-03-12', 'FEMALE', '010-1238-3138', 'individual38@albatalk.kr', '/uploads/userProfileImg/individual_38.jpg', '$2a$10$abcdefghijklmnopqrstuv1234567890abcd', 'INDIVIDUAL', 0, 0),
(39, '사유나', '1991-04-13', 'MALE', '010-1239-3139', 'individual39@albatalk.kr', '/uploads/userProfileImg/individual_39.jpg', '$2a$10$abcdefghijklmnopqrstuv1234567890abcd', 'INDIVIDUAL', 0, 0),
(40, '설다인', '1992-05-14', 'FEMALE', '010-1240-3140', 'individual40@albatalk.kr', NULL, '$2a$10$abcdefghijklmnopqrstuv1234567890abcd', 'INDIVIDUAL', 0, 0),
(41, '채수빈', '1993-06-15', 'MALE', '010-1241-3141', 'individual41@albatalk.kr', '/uploads/userProfileImg/individual_41.jpg', '$2a$10$abcdefghijklmnopqrstuv1234567890abcd', 'INDIVIDUAL', 0, 0),
(42, '반지후', '1994-07-16', 'FEMALE', '010-1242-3142', 'individual42@albatalk.kr', '/uploads/userProfileImg/individual_42.jpg', '$2a$10$abcdefghijklmnopqrstuv1234567890abcd', 'INDIVIDUAL', 0, 0),
(43, '마소은', '1995-08-17', 'MALE', '010-1243-3143', 'individual43@albatalk.kr', '/uploads/userProfileImg/individual_43.jpg', '$2a$10$abcdefghijklmnopqrstuv1234567890abcd', 'INDIVIDUAL', 0, 0),
(44, '추가람', '1996-09-18', 'FEMALE', '010-1244-3144', 'individual44@albatalk.kr', NULL, '$2a$10$abcdefghijklmnopqrstuv1234567890abcd', 'INDIVIDUAL', 0, 0),
(45, '공지율', '1997-10-19', 'MALE', '010-1245-3145', 'individual45@albatalk.kr', '/uploads/userProfileImg/individual_45.jpg', '$2a$10$abcdefghijklmnopqrstuv1234567890abcd', 'INDIVIDUAL', 0, 0),
(46, '방예은', '1998-11-20', 'FEMALE', '010-1246-3146', 'individual46@albatalk.kr', '/uploads/userProfileImg/individual_46.jpg', '$2a$10$abcdefghijklmnopqrstuv1234567890abcd', 'INDIVIDUAL', 0, 0),
(47, '함서우', '1999-12-21', 'MALE', '010-1247-3147', 'individual47@albatalk.kr', '/uploads/userProfileImg/individual_47.jpg', '$2a$10$abcdefghijklmnopqrstuv1234567890abcd', 'INDIVIDUAL', 0, 0),
(48, '옥유림', '1988-01-22', 'FEMALE', '010-1248-3148', 'individual48@albatalk.kr', NULL, '$2a$10$abcdefghijklmnopqrstuv1234567890abcd', 'INDIVIDUAL', 0, 0),
(49, '제아린', '1989-02-23', 'MALE', '010-1249-3149', 'individual49@albatalk.kr', '/uploads/userProfileImg/individual_49.jpg', '$2a$10$abcdefghijklmnopqrstuv1234567890abcd', 'INDIVIDUAL', 0, 0),
(50, '엄채린', '1990-03-24', 'FEMALE', '010-1250-3150', 'individual50@albatalk.kr', '/uploads/userProfileImg/individual_50.jpg', '$2a$10$abcdefghijklmnopqrstuv1234567890abcd', 'INDIVIDUAL', 0, 0),
-- 사업자 회원
(1001, '김동현', '1976-05-09', 'MALE', '010-7201-6101', 'business01@jobpartner.co.kr', NULL, '$2a$10$abcdefghijklmnopqrstuv1234567890abcd', 'BUSINESS', 0, 0),
(1002, '이정훈', '1977-06-10', 'MALE', '010-7202-6102', 'business02@jobpartner.co.kr', NULL, '$2a$10$abcdefghijklmnopqrstuv1234567890abcd', 'BUSINESS', 0, 0),
(1003, '박성민', '1978-07-11', 'FEMALE', '010-7203-6103', 'business03@jobpartner.co.kr', NULL, '$2a$10$abcdefghijklmnopqrstuv1234567890abcd', 'BUSINESS', 0, 0),
(1004, '최재원', '1979-08-12', 'MALE', '010-7204-6104', 'business04@jobpartner.co.kr', NULL, '$2a$10$abcdefghijklmnopqrstuv1234567890abcd', 'BUSINESS', 0, 0),
(1005, '정우성', '1980-09-13', 'MALE', '010-7205-6105', 'business05@jobpartner.co.kr', NULL, '$2a$10$abcdefghijklmnopqrstuv1234567890abcd', 'BUSINESS', 0, 0),
(1006, '강태호', '1981-10-14', 'FEMALE', '010-7206-6106', 'business06@jobpartner.co.kr', NULL, '$2a$10$abcdefghijklmnopqrstuv1234567890abcd', 'BUSINESS', 0, 0),
(1007, '조현수', '1982-11-15', 'MALE', '010-7207-6107', 'business07@jobpartner.co.kr', NULL, '$2a$10$abcdefghijklmnopqrstuv1234567890abcd', 'BUSINESS', 0, 0),
(1008, '윤상혁', '1983-12-16', 'MALE', '010-7208-6108', 'business08@jobpartner.co.kr', NULL, '$2a$10$abcdefghijklmnopqrstuv1234567890abcd', 'BUSINESS', 0, 0),
(1009, '장민석', '1984-01-17', 'FEMALE', '010-7209-6109', 'business09@jobpartner.co.kr', NULL, '$2a$10$abcdefghijklmnopqrstuv1234567890abcd', 'BUSINESS', 0, 0),
(1010, '임지환', '1985-02-18', 'MALE', '010-7210-6110', 'business10@jobpartner.co.kr', NULL, '$2a$10$abcdefghijklmnopqrstuv1234567890abcd', 'BUSINESS', 0, 0),
(1011, '한도윤', '1986-03-19', 'MALE', '010-7211-6111', 'business11@jobpartner.co.kr', NULL, '$2a$10$abcdefghijklmnopqrstuv1234567890abcd', 'BUSINESS', 0, 0),
(1012, '오승현', '1987-04-20', 'FEMALE', '010-7212-6112', 'business12@jobpartner.co.kr', NULL, '$2a$10$abcdefghijklmnopqrstuv1234567890abcd', 'BUSINESS', 0, 0),
(1013, '서민재', '1988-05-21', 'MALE', '010-7213-6113', 'business13@jobpartner.co.kr', NULL, '$2a$10$abcdefghijklmnopqrstuv1234567890abcd', 'BUSINESS', 0, 0),
(1014, '신준혁', '1989-06-22', 'MALE', '010-7214-6114', 'business14@jobpartner.co.kr', NULL, '$2a$10$abcdefghijklmnopqrstuv1234567890abcd', 'BUSINESS', 0, 0),
(1015, '권태민', '1990-07-23', 'FEMALE', '010-7215-6115', 'business15@jobpartner.co.kr', NULL, '$2a$10$abcdefghijklmnopqrstuv1234567890abcd', 'BUSINESS', 0, 0),
(1016, '황지훈', '1991-08-24', 'MALE', '010-7216-6116', 'business16@jobpartner.co.kr', NULL, '$2a$10$abcdefghijklmnopqrstuv1234567890abcd', 'BUSINESS', 0, 0),
(1017, '안성우', '1992-09-25', 'MALE', '010-7217-6117', 'business17@jobpartner.co.kr', NULL, '$2a$10$abcdefghijklmnopqrstuv1234567890abcd', 'BUSINESS', 0, 0),
(1018, '송진호', '1975-10-26', 'FEMALE', '010-7218-6118', 'business18@jobpartner.co.kr', NULL, '$2a$10$abcdefghijklmnopqrstuv1234567890abcd', 'BUSINESS', 0, 0),
(1019, '류준호', '1976-11-27', 'MALE', '010-7219-6119', 'business19@jobpartner.co.kr', NULL, '$2a$10$abcdefghijklmnopqrstuv1234567890abcd', 'BUSINESS', 0, 0),
(1020, '전현우', '1977-12-01', 'MALE', '010-7220-6120', 'business20@jobpartner.co.kr', NULL, '$2a$10$abcdefghijklmnopqrstuv1234567890abcd', 'BUSINESS', 0, 0),
(1021, '고상민', '1978-01-02', 'FEMALE', '010-7221-6121', 'business21@jobpartner.co.kr', NULL, '$2a$10$abcdefghijklmnopqrstuv1234567890abcd', 'BUSINESS', 0, 0),
(1022, '문성호', '1979-02-03', 'MALE', '010-7222-6122', 'business22@jobpartner.co.kr', NULL, '$2a$10$abcdefghijklmnopqrstuv1234567890abcd', 'BUSINESS', 0, 0),
(1023, '남지혁', '1980-03-04', 'MALE', '010-7223-6123', 'business23@jobpartner.co.kr', NULL, '$2a$10$abcdefghijklmnopqrstuv1234567890abcd', 'BUSINESS', 0, 0),
(1024, '백준영', '1981-04-05', 'FEMALE', '010-7224-6124', 'business24@jobpartner.co.kr', NULL, '$2a$10$abcdefghijklmnopqrstuv1234567890abcd', 'BUSINESS', 0, 0),
(1025, '심재혁', '1982-05-06', 'MALE', '010-7225-6125', 'business25@jobpartner.co.kr', NULL, '$2a$10$abcdefghijklmnopqrstuv1234567890abcd', 'BUSINESS', 0, 0),
(1026, '노동욱', '1983-06-07', 'MALE', '010-7226-6126', 'business26@jobpartner.co.kr', NULL, '$2a$10$abcdefghijklmnopqrstuv1234567890abcd', 'BUSINESS', 0, 0),
(1027, '민태윤', '1984-07-08', 'FEMALE', '010-7227-6127', 'business27@jobpartner.co.kr', NULL, '$2a$10$abcdefghijklmnopqrstuv1234567890abcd', 'BUSINESS', 0, 0),
(1028, '진승민', '1985-08-09', 'MALE', '010-7228-6128', 'business28@jobpartner.co.kr', NULL, '$2a$10$abcdefghijklmnopqrstuv1234567890abcd', 'BUSINESS', 0, 0),
(1029, '양정우', '1986-09-10', 'MALE', '010-7229-6129', 'business29@jobpartner.co.kr', NULL, '$2a$10$abcdefghijklmnopqrstuv1234567890abcd', 'BUSINESS', 0, 0),
(1030, '구현석', '1987-10-11', 'FEMALE', '010-7230-6130', 'business30@jobpartner.co.kr', NULL, '$2a$10$abcdefghijklmnopqrstuv1234567890abcd', 'BUSINESS', 0, 0),
(1031, '우창민', '1988-11-12', 'MALE', '010-7231-6131', 'business31@jobpartner.co.kr', NULL, '$2a$10$abcdefghijklmnopqrstuv1234567890abcd', 'BUSINESS', 0, 0),
(1032, '탁민규', '1989-12-13', 'MALE', '010-7232-6132', 'business32@jobpartner.co.kr', NULL, '$2a$10$abcdefghijklmnopqrstuv1234567890abcd', 'BUSINESS', 0, 0),
(1033, '변성훈', '1990-01-14', 'FEMALE', '010-7233-6133', 'business33@jobpartner.co.kr', NULL, '$2a$10$abcdefghijklmnopqrstuv1234567890abcd', 'BUSINESS', 0, 0),
(1034, '도현석', '1991-02-15', 'MALE', '010-7234-6134', 'business34@jobpartner.co.kr', NULL, '$2a$10$abcdefghijklmnopqrstuv1234567890abcd', 'BUSINESS', 0, 0),
(1035, '표재윤', '1992-03-16', 'MALE', '010-7235-6135', 'business35@jobpartner.co.kr', NULL, '$2a$10$abcdefghijklmnopqrstuv1234567890abcd', 'BUSINESS', 0, 0),
(1036, '염동규', '1975-04-17', 'FEMALE', '010-7236-6136', 'business36@jobpartner.co.kr', NULL, '$2a$10$abcdefghijklmnopqrstuv1234567890abcd', 'BUSINESS', 0, 0),
(1037, '길현민', '1976-05-18', 'MALE', '010-7237-6137', 'business37@jobpartner.co.kr', NULL, '$2a$10$abcdefghijklmnopqrstuv1234567890abcd', 'BUSINESS', 0, 0),
(1038, '연태준', '1977-06-19', 'MALE', '010-7238-6138', 'business38@jobpartner.co.kr', NULL, '$2a$10$abcdefghijklmnopqrstuv1234567890abcd', 'BUSINESS', 0, 0),
(1039, '사민호', '1978-07-20', 'FEMALE', '010-7239-6139', 'business39@jobpartner.co.kr', NULL, '$2a$10$abcdefghijklmnopqrstuv1234567890abcd', 'BUSINESS', 0, 0),
(1040, '설승우', '1979-08-21', 'MALE', '010-7240-6140', 'business40@jobpartner.co.kr', NULL, '$2a$10$abcdefghijklmnopqrstuv1234567890abcd', 'BUSINESS', 0, 0),
(1041, '채도형', '1980-09-22', 'MALE', '010-7241-6141', 'business41@jobpartner.co.kr', NULL, '$2a$10$abcdefghijklmnopqrstuv1234567890abcd', 'BUSINESS', 0, 0),
(1042, '반현준', '1981-10-23', 'FEMALE', '010-7242-6142', 'business42@jobpartner.co.kr', NULL, '$2a$10$abcdefghijklmnopqrstuv1234567890abcd', 'BUSINESS', 0, 0),
(1043, '마승현', '1982-11-24', 'MALE', '010-7243-6143', 'business43@jobpartner.co.kr', NULL, '$2a$10$abcdefghijklmnopqrstuv1234567890abcd', 'BUSINESS', 0, 0),
(1044, '추동하', '1983-12-25', 'MALE', '010-7244-6144', 'business44@jobpartner.co.kr', NULL, '$2a$10$abcdefghijklmnopqrstuv1234567890abcd', 'BUSINESS', 0, 0),
(1045, '공지훈', '1984-01-26', 'FEMALE', '010-7245-6145', 'business45@jobpartner.co.kr', NULL, '$2a$10$abcdefghijklmnopqrstuv1234567890abcd', 'BUSINESS', 0, 0),
(1046, '방태민', '1985-02-27', 'MALE', '010-7246-6146', 'business46@jobpartner.co.kr', NULL, '$2a$10$abcdefghijklmnopqrstuv1234567890abcd', 'BUSINESS', 0, 0),
(1047, '함재현', '1986-03-01', 'MALE', '010-7247-6147', 'business47@jobpartner.co.kr', NULL, '$2a$10$abcdefghijklmnopqrstuv1234567890abcd', 'BUSINESS', 0, 0),
(1048, '옥현수', '1987-04-02', 'FEMALE', '010-7248-6148', 'business48@jobpartner.co.kr', NULL, '$2a$10$abcdefghijklmnopqrstuv1234567890abcd', 'BUSINESS', 0, 0),
(1049, '제성우', '1988-05-03', 'MALE', '010-7249-6149', 'business49@jobpartner.co.kr', NULL, '$2a$10$abcdefghijklmnopqrstuv1234567890abcd', 'BUSINESS', 0, 0),
(1050, '엄준호', '1989-06-04', 'MALE', '010-7250-6150', 'business50@jobpartner.co.kr', NULL, '$2a$10$abcdefghijklmnopqrstuv1234567890abcd', 'BUSINESS', 0, 0);

-- 개인 회원 프로필
INSERT IGNORE INTO individual_profile (id, member_id, is_active, is_special, is_phone_public) VALUES
(1, 1, TRUE, FALSE, FALSE),
(2, 2, TRUE, FALSE, FALSE),
(3, 3, FALSE, FALSE, FALSE),
(4, 4, TRUE, FALSE, TRUE),
(5, 5, TRUE, FALSE, FALSE),
(6, 6, FALSE, FALSE, FALSE),
(7, 7, TRUE, FALSE, FALSE),
(8, 8, TRUE, FALSE, TRUE),
(9, 9, FALSE, FALSE, FALSE),
(10, 10, TRUE, FALSE, FALSE),
(11, 11, TRUE, FALSE, FALSE),
(12, 12, FALSE, FALSE, TRUE),
(13, 13, TRUE, FALSE, FALSE),
(14, 14, TRUE, FALSE, FALSE),
(15, 15, FALSE, FALSE, FALSE),
(16, 16, TRUE, FALSE, TRUE),
(17, 17, TRUE, FALSE, FALSE),
(18, 18, FALSE, FALSE, FALSE),
(19, 19, TRUE, FALSE, FALSE),
(20, 20, TRUE, FALSE, TRUE),
(21, 21, FALSE, FALSE, FALSE),
(22, 22, TRUE, FALSE, FALSE),
(23, 23, TRUE, FALSE, FALSE),
(24, 24, FALSE, FALSE, TRUE),
(25, 25, TRUE, FALSE, FALSE),
(26, 26, TRUE, FALSE, FALSE),
(27, 27, FALSE, FALSE, FALSE),
(28, 28, TRUE, FALSE, TRUE),
(29, 29, TRUE, FALSE, FALSE),
(30, 30, FALSE, FALSE, FALSE),
(31, 31, TRUE, FALSE, FALSE),
(32, 32, TRUE, FALSE, TRUE),
(33, 33, FALSE, FALSE, FALSE),
(34, 34, TRUE, FALSE, FALSE),
(35, 35, TRUE, FALSE, FALSE),
(36, 36, FALSE, FALSE, TRUE),
(37, 37, TRUE, FALSE, FALSE),
(38, 38, TRUE, FALSE, FALSE),
(39, 39, FALSE, FALSE, FALSE),
(40, 40, TRUE, FALSE, TRUE),
(41, 41, TRUE, FALSE, FALSE),
(42, 42, FALSE, FALSE, FALSE),
(43, 43, TRUE, FALSE, FALSE),
(44, 44, TRUE, FALSE, TRUE),
(45, 45, FALSE, FALSE, FALSE),
(46, 46, TRUE, FALSE, FALSE),
(47, 47, TRUE, FALSE, FALSE),
(48, 48, FALSE, FALSE, TRUE),
(49, 49, TRUE, FALSE, FALSE),
(50, 50, TRUE, FALSE, FALSE);

-- 사업자 회원
INSERT IGNORE INTO business_profile
(id, member_id, company_name, founded_date, company_image_url, brand_id, business_number, company_phone, company_address, homepage_url) VALUES
(1, 1001, '한강유통', '2001-03-03', '/uploads/companyLogo/company_01.png', NULL, '101-21-70001', '031-301-4001', '경기도 미추홀구 봉은사로 214', 'https://www.bizcompany01.co.kr'),
(2, 1002, 'GS25 시흥신천점', '2002-04-05', '/uploads/companyLogo/company_02.png', 7, '102-22-70002', '051-252-5002', '경기도 시흥시 신천동 123-4', 'https://www.bizcompany02.co.kr'),
(3, 1003, '에이스편의운영', '2003-05-07', '/uploads/companyLogo/company_03.png', NULL, '103-23-70003', '032-283-6003', '경기도 해운대구 올림픽로 88', 'https://www.bizcompany03.co.kr'),
(4, 1004, '공차 송파잠실점', '2004-06-09', '/uploads/companyLogo/company_04.png', 13, '104-24-70004', '02-204-3004', '서울특별시 송파구 잠실동 40-1', 'https://www.bizcompany04.co.kr'),
(5, 1005, '스피드딜리버리', '2005-07-11', '/uploads/companyLogo/company_05.png', NULL, '105-25-70005', '031-305-4005', '부산광역시 미추홀구 가산디지털1로 71', NULL),
(6, 1006, '롯데리아 강남역삼점', '2006-08-13', NULL, 19, '106-26-70006', '051-256-5006', '서울특별시 강남구 역삼동 822-1', 'https://www.bizcompany06.co.kr'),
(7, 1007, '블루포인트리테일', '2007-09-15', '/uploads/companyLogo/company_07.png', NULL, '107-27-70007', '032-287-6007', '경기도 강남구 월드컵북로 396', 'https://www.bizcompany07.co.kr'),
(8, 1008, '도미노피자 성수서울숲점', '2008-10-17', '/uploads/companyLogo/company_08.png', 25, '108-28-70008', '02-208-3008', '서울특별시 성동구 성수동1가 656-12', 'https://www.bizcompany08.co.kr'),
(9, 1009, '더굿서비스파트너스', '2009-11-19', '/uploads/companyLogo/company_09.png', NULL, '109-29-70009', '031-309-4009', '부산광역시 중구 서초중앙로 56', 'https://www.bizcompany09.co.kr'),
(10, 1010, '역전할머니맥주 마포합정점', '2010-12-21', '/uploads/companyLogo/company_10.png', 31, '110-30-70010', '051-260-5010', '서울특별시 마포구 합정동 413-12', NULL),
(11, 1011, '오렌지스토어네트웍스', '2011-01-23', '/uploads/companyLogo/company_11.png', NULL, '111-31-70011', '032-291-6011', '인천광역시 분당구 해운대로 321', 'https://www.bizcompany11.co.kr'),
(12, 1012, '3POP PC방 용산이촌점', '2012-02-25', NULL, 37, '112-32-70012', '02-212-3012', '서울특별시 용산구 이촌동 301-23', 'https://www.bizcompany12.co.kr'),
(13, 1013, '그린웨이로지스', '2013-03-27', '/uploads/companyLogo/company_13.png', NULL, '113-33-70013', '031-313-4013', '경기도 강남구 종로 54', 'https://www.bizcompany13.co.kr'),
(14, 1014, '땡겨요 광명철산점', '2014-04-02', '/uploads/companyLogo/company_14.png', 43, '114-34-70014', '051-264-5014', '경기도 광명시 철산동 245-7', 'https://www.bizcompany14.co.kr'),
(15, 1015, '와이즈푸드웍스', '2015-05-04', '/uploads/companyLogo/company_15.png', NULL, '115-35-70015', '032-295-6015', '경기도 해운대구 경인로 433', NULL),
(16, 1016, 'CU 분당정자점', '2016-06-06', '/uploads/companyLogo/company_16.png', 6, '116-36-70016', '02-216-3016', '경기도 성남시 분당구 정자동 156-3', 'https://www.bizcompany16.co.kr'),
(17, 1017, '이지오퍼레이션', '2017-07-08', '/uploads/companyLogo/company_17.png', NULL, '117-37-70017', '031-317-4017', '서울특별시 강남구 동탄대로 643', 'https://www.bizcompany17.co.kr'),
(18, 1018, '투썸플레이스 일산마두점', '2018-08-10', NULL, 12, '118-38-70018', '051-268-5018', '경기도 고양시 일산동구 마두동 806', 'https://www.bizcompany18.co.kr'),
(19, 1019, '정다운배달센터', '2019-09-12', '/uploads/companyLogo/company_19.png', NULL, '119-39-70019', '032-299-6019', '부산광역시 강남구 분당내곡로 131', 'https://www.bizcompany19.co.kr'),
(20, 1020, '커피빈 수원영통점', '2000-10-14', '/uploads/companyLogo/company_20.png', 18, '120-40-70020', '02-220-3020', '경기도 수원시 영통구 영통동 998-3', NULL),
(21, 1021, '엘리트점포관리', '2001-11-16', '/uploads/companyLogo/company_21.png', NULL, '121-41-70021', '031-321-4021', '부산광역시 분당구 남부순환로 1934', 'https://www.bizcompany21.co.kr'),
(22, 1022, 'KFC 안산중앙점', '2002-12-18', '/uploads/companyLogo/company_22.png', 24, '122-42-70022', '051-272-5022', '경기도 안산시 단원구 고잔동 539-2', 'https://www.bizcompany22.co.kr'),
(23, 1023, '다온물류센터', '2003-01-20', '/uploads/companyLogo/company_23.png', NULL, '123-43-70023', '032-303-6023', '인천광역시 미추홀구 을지로 198', 'https://www.bizcompany23.co.kr'),
(24, 1024, '배스킨라빈스 인천구월점', '2004-02-22', NULL, 30, '124-44-70024', '02-224-3024', '인천광역시 남동구 구월동 1456-2', 'https://www.bizcompany24.co.kr'),
(25, 1025, '메가서포트파트너', '2005-03-24', '/uploads/companyLogo/company_25.png', NULL, '125-45-70025', '031-325-4025', '부산광역시 강남구 봉은사로 214', NULL),
(26, 1026, '파리바게뜨 부천상동점', '2006-04-26', '/uploads/companyLogo/company_26.png', 36, '126-46-70026', '051-276-5026', '경기도 부천시 상동 534-5', 'https://www.bizcompany26.co.kr'),
(27, 1027, '비전로지스틱스', '2007-05-01', '/uploads/companyLogo/company_27.png', NULL, '127-47-70027', '032-307-6027', '인천광역시 미추홀구 올림픽로 88', 'https://www.bizcompany27.co.kr'),
(28, 1028, '요기요 평택고덕점', '2008-06-03', '/uploads/companyLogo/company_28.png', 42, '128-48-70028', '02-228-3028', '경기도 평택시 고덕동 1973-2', 'https://www.bizcompany28.co.kr'),
(29, 1029, '행복한매장연구소', '2009-07-05', '/uploads/companyLogo/company_29.png', NULL, '129-49-70029', '031-329-4029', '인천광역시 송파구 가산디지털1로 71', 'https://www.bizcompany29.co.kr'),
(30, 1030, '로젠택배 화성동탄점', '2010-08-07', NULL, 5, '130-50-70030', '051-280-5030', '경기도 화성시 동탄대로 537', NULL),
(31, 1031, '휴먼잡비즈', '2011-09-09', '/uploads/companyLogo/company_31.png', NULL, '131-51-70031', '032-311-6031', '인천광역시 강남구 월드컵북로 396', 'https://www.bizcompany31.co.kr'),
(32, 1032, '메가커피 하남미사점', '2012-10-11', '/uploads/companyLogo/company_32.png', 11, '132-52-70032', '02-232-3032', '경기도 하남시 미사강변동 612-3', 'https://www.bizcompany32.co.kr'),
(33, 1033, '굿모닝카페파트너', '2013-11-13', '/uploads/companyLogo/company_33.png', NULL, '133-53-70033', '031-333-4033', '서울특별시 강남구 서초중앙로 56', 'https://www.bizcompany33.co.kr'),
(34, 1034, '이디야 김포장기점', '2014-12-15', '/uploads/companyLogo/company_34.png', 17, '134-54-70034', '051-284-5034', '경기도 김포시 장기동 1605', 'https://www.bizcompany34.co.kr'),
(35, 1035, '푸드앤워크스', '2015-01-17', '/uploads/companyLogo/company_35.png', NULL, '135-55-70035', '032-315-6035', '서울특별시 해운대구 해운대로 321', NULL),
(36, 1036, '써브웨이 파주운정점', '2016-02-19', NULL, 23, '136-56-70036', '02-236-3036', '경기도 파주시 목동동 939-3', 'https://www.bizcompany36.co.kr'),
(37, 1037, '도약커머스', '2017-03-21', '/uploads/companyLogo/company_37.png', NULL, '137-57-70037', '031-337-4037', '부산광역시 미추홀구 종로 54', 'https://www.bizcompany37.co.kr'),
(38, 1038, 'BHC 대전둔산점', '2018-04-23', '/uploads/companyLogo/company_38.png', 29, '138-58-70038', '051-288-5038', '대전광역시 서구 둔산동 1036', 'https://www.bizcompany38.co.kr'),
(39, 1039, '브라이트운영지원', '2019-05-25', '/uploads/companyLogo/company_39.png', NULL, '139-59-70039', '032-319-6039', '경기도 강남구 경인로 433', 'https://www.bizcompany39.co.kr'),
(40, 1040, '뚜레쥬르 부산해운대점', '2000-06-27', '/uploads/companyLogo/company_40.png', 35, '140-60-70040', '02-240-3040', '부산광역시 해운대구 우동 541-1', NULL),
(41, 1041, '드림로지스파트너', '2001-07-02', '/uploads/companyLogo/company_41.png', NULL, '141-61-70041', '031-341-4041', '경기도 중구 동탄대로 643', 'https://www.bizcompany41.co.kr'),
(42, 1042, '쿠팡이츠 대구동성로점', '2002-08-04', NULL, 41, '142-62-70042', '051-292-5042', '대구광역시 중구 동성로 2가 88-1', 'https://www.bizcompany42.co.kr'),
(43, 1043, '밸런스푸드서비스', '2003-09-06', '/uploads/companyLogo/company_43.png', NULL, '143-63-70043', '032-323-6043', '경기도 미추홀구 분당내곡로 131', 'https://www.bizcompany43.co.kr'),
(44, 1044, '롯데택배 광주상무점', '2004-10-08', '/uploads/companyLogo/company_44.png', 4, '144-64-70044', '02-244-3044', '광주광역시 서구 치평동 1218', 'https://www.bizcompany44.co.kr'),
(45, 1045, '시티오더파트너', '2005-11-10', '/uploads/companyLogo/company_45.png', NULL, '145-65-70045', '031-345-4045', '인천광역시 송파구 남부순환로 1934', NULL),
(46, 1046, '스타벅스 울산삼산점', '2006-12-12', '/uploads/companyLogo/company_46.png', 10, '146-66-70046', '051-296-5046', '울산광역시 남구 삼산동 1479-5', 'https://www.bizcompany46.co.kr'),
(47, 1047, '마켓브릿지', '2007-01-14', '/uploads/companyLogo/company_47.png', NULL, '147-67-70047', '032-327-6047', '경기도 송파구 을지로 198', 'https://www.bizcompany47.co.kr'),
(48, 1048, '컴포즈커피 제주연동점', '2008-02-16', NULL, 16, '148-68-70048', '02-248-3048', '제주특별자치도 제주시 연동 272-1', 'https://www.bizcompany48.co.kr'),
(49, 1049, '온리원비즈', '2009-03-18', '/uploads/companyLogo/company_49.png', NULL, '149-69-70049', '031-349-4049', '서울특별시 미추홀구 봉은사로 214', 'https://www.bizcompany49.co.kr'),
(50, 1050, '버거킹 천안불당점', '2010-04-20', '/uploads/companyLogo/company_50.png', 22, '150-70-70050', '051-300-5050', '충청남도 천안시 서북구 불당동 1537', NULL);

INSERT IGNORE INTO recruit (id, business_member_id, title, brand_id, is_urgent, recruit_status, deadline, salary, salary_type, head_count, region_id, detail_address, description, resume_form_url) VALUES
(1, 1001, '카페 바리스타 및 매장관리 모집', NULL, FALSE, 'OPEN', '2026-05-03', 10493, 'HOURLY', 2, 53, '주안동 214-1', '근무 태도 성실하고 시간 약속을 잘 지키는 분을 우대합니다. 초보 가능하며 업무 매뉴얼과 교육을 제공합니다. 공고번호 001.', NULL),
(2, 1002, 'GS25 시흥신천점 매장관리 및 캐셔 스태프 모집', 7, FALSE, 'OPEN', '2026-05-05', 10666, 'HOURLY', 3, 99, '신천동 123-4', '근무 태도 성실하고 시간 약속을 잘 지키는 분을 우대합니다. 초보 가능하며 업무 매뉴얼과 교육을 제공합니다. 공고번호 002.', NULL),
(3, 1003, '매장 운영 및 고객응대 스태프 모집', NULL, TRUE, 'OPEN', '2026-05-07', 10839, 'HOURLY', 4, 34, '우동 88-1', '근무 태도 성실하고 시간 약속을 잘 지키는 분을 우대합니다. 초보 가능하며 업무 매뉴얼과 교육을 제공합니다. 공고번호 003.', NULL),
(4, 1004, '공차 송파잠실점 바리스타 및 매장 스태프 모집', 13, FALSE, 'OPEN', '2026-05-09', 2255164, 'MONTHLY', 5, 24, '잠실동 40-1', '근무 태도 성실하고 시간 약속을 잘 지키는 분을 우대합니다. 초보 가능하며 업무 매뉴얼과 교육을 제공합니다. 공고번호 004.', '/uploads/businessResumes/resume_form_004.hwp'),
(5, 1005, '물류 상하차/분류 스태프 모집', NULL, FALSE, 'OPEN', '2026-05-11', 11185, 'HOURLY', 6, 53, '도화동 71-3', '근무 태도 성실하고 시간 약속을 잘 지키는 분을 우대합니다. 초보 가능하며 업무 매뉴얼과 교육을 제공합니다. 공고번호 005.', NULL),
(6, 1006, '롯데리아 강남역삼점 홀/주방 파트타이머 모집', 19, TRUE, 'OPEN', '2026-05-13', 11358, 'HOURLY', 1, 23, '역삼동 822-1', NULL, NULL),
(7, 1007, '카페 바리스타 및 매장관리 모집', NULL, FALSE, 'CLOSED', '2026-03-08', 11531, 'HOURLY', 2, 23, '역삼동 396-1', '근무 태도 성실하고 시간 약속을 잘 지키는 분을 우대합니다. 초보 가능하며 업무 매뉴얼과 교육을 제공합니다. 공고번호 007.', NULL),
(8, 1008, '도미노피자 성수서울숲점 홀/주방 파트타이머 모집', 25, FALSE, 'OPEN', '2026-05-17', 2310328, 'MONTHLY', 3, 4, '성수동1가 656-12', '근무 태도 성실하고 시간 약속을 잘 지키는 분을 우대합니다. 초보 가능하며 업무 매뉴얼과 교육을 제공합니다. 공고번호 008.', '/uploads/businessResumes/resume_form_008.hwp'),
(9, 1009, '매장 운영 및 고객응대 스태프 모집', NULL, TRUE, 'OPEN', '2026-05-19', 11877, 'HOURLY', NULL, 26, '중앙동 56-2', '근무 태도 성실하고 시간 약속을 잘 지키는 분을 우대합니다. 초보 가능하며 업무 매뉴얼과 교육을 제공합니다. 공고번호 009.', NULL),
(10, 1010, '역전할머니맥주 마포합정점 홀/주방 파트타이머 모집', 31, TRUE, 'OPEN', '2026-05-21', 12050, 'HOURLY', 5, 14, '합정동 413-12', '근무 태도 성실하고 시간 약속을 잘 지키는 분을 우대합니다. 초보 가능하며 업무 매뉴얼과 교육을 제공합니다. 공고번호 010.', NULL),
(11, 1011, '물류 상하차/분류 스태프 모집', NULL, FALSE, 'OPEN', '2026-05-23', 12223, 'HOURLY', 6, 83, '정자동 321-5', '근무 태도 성실하고 시간 약속을 잘 지키는 분을 우대합니다. 초보 가능하며 업무 매뉴얼과 교육을 제공합니다. 공고번호 011.', NULL),
(12, 1012, '3POP PC방 용산이촌점 매장관리 및 캐셔 스태프 모집', 37, TRUE, 'OPEN', '2026-05-25', 2365492, 'MONTHLY', 1, 3, '이촌동 301-23', NULL, '/uploads/businessResumes/resume_form_012.hwp'),
(13, 1013, '카페 바리스타 및 매장관리 모집', NULL, FALSE, 'OPEN', '2026-05-27', 12569, 'HOURLY', 2, 23, '역삼동 54-7', '근무 태도 성실하고 시간 약속을 잘 지키는 분을 우대합니다. 초보 가능하며 업무 매뉴얼과 교육을 제공합니다. 공고번호 013.', NULL),
(14, 1014, '땡겨요 광명철산점 배달/픽업 라이더 모집', 43, FALSE, 'EXPIRED', '2026-02-15', 12742, 'HOURLY', 3, 87, '철산동 245-7', '근무 태도 성실하고 시간 약속을 잘 지키는 분을 우대합니다. 초보 가능하며 업무 매뉴얼과 교육을 제공합니다. 공고번호 014.', NULL),
(15, 1015, '매장 운영 및 고객응대 스태프 모집', NULL, TRUE, 'OPEN', '2026-05-03', 12915, 'HOURLY', 4, 34, '우동 433-5', '근무 태도 성실하고 시간 약속을 잘 지키는 분을 우대합니다. 초보 가능하며 업무 매뉴얼과 교육을 제공합니다. 공고번호 015.', NULL),
(16, 1016, 'CU 분당정자점 매장관리 및 캐셔 스태프 모집', 6, FALSE, 'OPEN', '2026-05-05', 2420656, 'MONTHLY', 5, 83, '정자동 156-3', '근무 태도 성실하고 시간 약속을 잘 지키는 분을 우대합니다. 초보 가능하며 업무 매뉴얼과 교육을 제공합니다. 공고번호 016.', '/uploads/businessResumes/resume_form_016.hwp'),
(17, 1017, '물류 상하차/분류 스태프 모집', NULL, FALSE, 'OPEN', '2026-05-07', 13261, 'HOURLY', 6, 23, '역삼동 643-2', '근무 태도 성실하고 시간 약속을 잘 지키는 분을 우대합니다. 초보 가능하며 업무 매뉴얼과 교육을 제공합니다. 공고번호 017.', NULL),
(18, 1018, '투썸플레이스 일산마두점 바리스타 및 매장 스태프 모집', 12, TRUE, 'OPEN', '2026-05-09', 13434, 'HOURLY', NULL, 93, '마두동 806', NULL, NULL),
(19, 1019, '카페 바리스타 및 매장관리 모집', NULL, FALSE, 'OPEN', '2026-05-11', 13607, 'HOURLY', 2, 23, '개포동 131-4', '근무 태도 성실하고 시간 약속을 잘 지키는 분을 우대합니다. 초보 가능하며 업무 매뉴얼과 교육을 제공합니다. 공고번호 019.', NULL),
(20, 1020, '커피빈 수원영통점 바리스타 및 매장 스태프 모집', 18, TRUE, 'OPEN', '2026-05-13', 2475820, 'MONTHLY', 3, 80, '영통동 998-3', '근무 태도 성실하고 시간 약속을 잘 지키는 분을 우대합니다. 초보 가능하며 업무 매뉴얼과 교육을 제공합니다. 공고번호 020.', '/uploads/businessResumes/resume_form_020.hwp'),
(21, 1021, '매장 운영 및 고객응대 스태프 모집', NULL, TRUE, 'OPEN', '2026-05-15', 13953, 'HOURLY', 4, 83, '구미동 1934-2', '근무 태도 성실하고 시간 약속을 잘 지키는 분을 우대합니다. 초보 가능하며 업무 매뉴얼과 교육을 제공합니다. 공고번호 021.', NULL),
(22, 1022, 'KFC 안산중앙점 홀/주방 파트타이머 모집', 24, FALSE, 'OPEN', '2026-05-17', 14126, 'HOURLY', 5, 91, '고잔동 539-2', '근무 태도 성실하고 시간 약속을 잘 지키는 분을 우대합니다. 초보 가능하며 업무 매뉴얼과 교육을 제공합니다. 공고번호 022.', NULL),
(23, 1023, '물류 상하차/분류 스태프 모집', NULL, FALSE, 'OPEN', '2026-05-19', 14299, 'HOURLY', 6, 53, '주안동 198-11', '근무 태도 성실하고 시간 약속을 잘 지키는 분을 우대합니다. 초보 가능하며 업무 매뉴얼과 교육을 제공합니다. 공고번호 023.', NULL),
(24, 1024, '배스킨라빈스 인천구월점 홀/주방 파트타이머 모집', 30, TRUE, 'OPEN', '2026-05-21', 2530984, 'MONTHLY', 1, 55, '구월동 1456-2', NULL, '/uploads/businessResumes/resume_form_024.hwp'),
(25, 1025, '카페 바리스타 및 매장관리 모집', NULL, FALSE, 'OPEN', '2026-05-23', 14645, 'HOURLY', 2, 23, '논현동 214-9', '근무 태도 성실하고 시간 약속을 잘 지키는 분을 우대합니다. 초보 가능하며 업무 매뉴얼과 교육을 제공합니다. 공고번호 025.', NULL),
(26, 1026, '파리바게뜨 부천상동점 홀/주방 파트타이머 모집', 36, FALSE, 'OPEN', '2026-05-25', 14818, 'HOURLY', 3, 86, '상동 534-5', '근무 태도 성실하고 시간 약속을 잘 지키는 분을 우대합니다. 초보 가능하며 업무 매뉴얼과 교육을 제공합니다. 공고번호 026.', NULL),
(27, 1027, '매장 운영 및 고객응대 스태프 모집', NULL, TRUE, 'OPEN', '2026-05-27', 14991, 'HOURLY', NULL, 53, '숭의동 88-6', '근무 태도 성실하고 시간 약속을 잘 지키는 분을 우대합니다. 초보 가능하며 업무 매뉴얼과 교육을 제공합니다. 공고번호 027.', NULL),
(28, 1028, '요기요 평택고덕점 배달/픽업 라이더 모집', 42, FALSE, 'CLOSED', '2026-03-01', 2586148, 'MONTHLY', 5, 88, '고덕동 1973-2', '근무 태도 성실하고 시간 약속을 잘 지키는 분을 우대합니다. 초보 가능하며 업무 매뉴얼과 교육을 제공합니다. 공고번호 028.', '/uploads/businessResumes/resume_form_028.hwp'),
(29, 1029, '물류 상하차/분류 스태프 모집', NULL, FALSE, 'OPEN', '2026-05-03', 10656, 'HOURLY', 6, 24, '문정동 71-8', '근무 태도 성실하고 시간 약속을 잘 지키는 분을 우대합니다. 초보 가능하며 업무 매뉴얼과 교육을 제공합니다. 공고번호 029.', NULL),
(30, 1030, '로젠택배 화성동탄점 물류 상하차/분류 스태프 모집', 5, TRUE, 'OPEN', '2026-05-05', 10829, 'HOURLY', 1, 110, '오산동 537-4', NULL, NULL),
(31, 1031, '카페 바리스타 및 매장관리 모집', NULL, FALSE, 'OPEN', '2026-05-07', 11002, 'HOURLY', 2, 23, '대치동 396-14', '근무 태도 성실하고 시간 약속을 잘 지키는 분을 우대합니다. 초보 가능하며 업무 매뉴얼과 교육을 제공합니다. 공고번호 031.', NULL),
(32, 1032, '메가커피 하남미사점 바리스타 및 매장 스태프 모집', 11, FALSE, 'OPEN', '2026-05-09', 2641312, 'MONTHLY', 3, 102, '망월동 612-3', '근무 태도 성실하고 시간 약속을 잘 지키는 분을 우대합니다. 초보 가능하며 업무 매뉴얼과 교육을 제공합니다. 공고번호 032.', '/uploads/businessResumes/resume_form_032.hwp'),
(33, 1033, '매장 운영 및 고객응대 스태프 모집', NULL, TRUE, 'OPEN', '2026-05-11', 11348, 'HOURLY', 4, 23, '역삼동 56-10', '근무 태도 성실하고 시간 약속을 잘 지키는 분을 우대합니다. 초보 가능하며 업무 매뉴얼과 교육을 제공합니다. 공고번호 033.', NULL),
(34, 1034, '이디야 김포장기점 바리스타 및 매장 스태프 모집', 17, FALSE, 'OPEN', '2026-05-13', 11521, 'HOURLY', 5, 109, '장기동 1605', '근무 태도 성실하고 시간 약속을 잘 지키는 분을 우대합니다. 초보 가능하며 업무 매뉴얼과 교육을 제공합니다. 공고번호 034.', NULL),
(35, 1035, '물류 상하차/분류 스태프 모집', NULL, FALSE, 'EXPIRED', '2026-02-08', 11694, 'HOURLY', 6, 34, '우동 321-9', '근무 태도 성실하고 시간 약속을 잘 지키는 분을 우대합니다. 초보 가능하며 업무 매뉴얼과 교육을 제공합니다. 공고번호 035.', NULL),
(36, 1036, '써브웨이 파주운정점 홀/주방 파트타이머 모집', 23, TRUE, 'OPEN', '2026-05-17', 2696476, 'MONTHLY', NULL, 106, '목동동 939-3', NULL, '/uploads/businessResumes/resume_form_036.hwp'),
(37, 1037, '카페 바리스타 및 매장관리 모집', NULL, FALSE, 'OPEN', '2026-05-19', 12040, 'HOURLY', 2, 53, '용현동 54-12', '근무 태도 성실하고 시간 약속을 잘 지키는 분을 우대합니다. 초보 가능하며 업무 매뉴얼과 교육을 제공합니다. 공고번호 037.', NULL),
(38, 1038, 'BHC 대전둔산점 홀/주방 파트타이머 모집', 29, FALSE, 'OPEN', '2026-05-21', 12213, 'HOURLY', 3, 68, '둔산동 1036', '근무 태도 성실하고 시간 약속을 잘 지키는 분을 우대합니다. 초보 가능하며 업무 매뉴얼과 교육을 제공합니다. 공고번호 038.', NULL),
(39, 1039, '매장 운영 및 고객응대 스태프 모집', NULL, TRUE, 'OPEN', '2026-05-23', 12386, 'HOURLY', 4, 23, '삼성동 433-2', '근무 태도 성실하고 시간 약속을 잘 지키는 분을 우대합니다. 초보 가능하며 업무 매뉴얼과 교육을 제공합니다. 공고번호 039.', NULL),
(40, 1040, '뚜레쥬르 부산해운대점 홀/주방 파트타이머 모집', 35, TRUE, 'OPEN', '2026-05-25', 2751640, 'MONTHLY', 5, 34, '우동 541-1', '근무 태도 성실하고 시간 약속을 잘 지키는 분을 우대합니다. 초보 가능하며 업무 매뉴얼과 교육을 제공합니다. 공고번호 040.', '/uploads/businessResumes/resume_form_040.hwp'),
(41, 1041, '물류 상하차/분류 스태프 모집', NULL, FALSE, 'OPEN', '2026-05-27', 12732, 'HOURLY', 6, 110, '산척동 643-4', '근무 태도 성실하고 시간 약속을 잘 지키는 분을 우대합니다. 초보 가능하며 업무 매뉴얼과 교육을 제공합니다. 공고번호 041.', NULL),
(42, 1042, '쿠팡이츠 대구동성로점 배달/픽업 라이더 모집', 41, TRUE, 'OPEN', '2026-05-01', 12905, 'HOURLY', 1, 42, '동성로2가 88-1', NULL, NULL),
(43, 1043, '카페 바리스타 및 매장관리 모집', NULL, FALSE, 'OPEN', '2026-05-03', 13078, 'HOURLY', 2, 83, '백현동 131-5', '근무 태도 성실하고 시간 약속을 잘 지키는 분을 우대합니다. 초보 가능하며 업무 매뉴얼과 교육을 제공합니다. 공고번호 043.', NULL),
(44, 1044, '롯데택배 광주상무점 물류 상하차/분류 스태프 모집', 4, FALSE, 'OPEN', '2026-05-05', 2806804, 'MONTHLY', 3, 62, '치평동 1218', '근무 태도 성실하고 시간 약속을 잘 지키는 분을 우대합니다. 초보 가능하며 업무 매뉴얼과 교육을 제공합니다. 공고번호 044.', '/uploads/businessResumes/resume_form_044.hwp'),
(45, 1045, '매장 운영 및 고객응대 스태프 모집', NULL, TRUE, 'OPEN', '2026-05-07', 13424, 'HOURLY', NULL, 24, '가락동 1934-7', '근무 태도 성실하고 시간 약속을 잘 지키는 분을 우대합니다. 초보 가능하며 업무 매뉴얼과 교육을 제공합니다. 공고번호 045.', NULL),
(46, 1046, '스타벅스 울산삼산점 바리스타 및 매장 스태프 모집', 10, FALSE, 'OPEN', '2026-05-09', 13597, 'HOURLY', 5, 72, '삼산동 1479-5', '근무 태도 성실하고 시간 약속을 잘 지키는 분을 우대합니다. 초보 가능하며 업무 매뉴얼과 교육을 제공합니다. 공고번호 046.', NULL),
(47, 1047, '물류 상하차/분류 스태프 모집', NULL, FALSE, 'OPEN', '2026-05-11', 13770, 'HOURLY', 6, 24, '방이동 198-3', '근무 태도 성실하고 시간 약속을 잘 지키는 분을 우대합니다. 초보 가능하며 업무 매뉴얼과 교육을 제공합니다. 공고번호 047.', NULL),
(48, 1048, '컴포즈커피 제주연동점 바리스타 및 매장 스태프 모집', 16, TRUE, 'OPEN', '2026-05-13', 2861968, 'MONTHLY', 1, 248, '연동 272-1', NULL, '/uploads/businessResumes/resume_form_048.hwp'),
(49, 1049, '카페 바리스타 및 매장관리 모집', NULL, FALSE, 'CLOSED', '2026-03-22', 14116, 'HOURLY', 2, 53, '주안동 214-8', '근무 태도 성실하고 시간 약속을 잘 지키는 분을 우대합니다. 초보 가능하며 업무 매뉴얼과 교육을 제공합니다. 공고번호 049.', NULL),
(50, 1050, '버거킹 천안불당점 홀/주방 파트타이머 모집', 22, TRUE, 'OPEN', '2026-05-17', 14289, 'HOURLY', 3, 151, '불당동 1537', '근무 태도 성실하고 시간 약속을 잘 지키는 분을 우대합니다. 초보 가능하며 업무 매뉴얼과 교육을 제공합니다. 공고번호 050.', NULL),
(51, 1001, '매장 운영 및 고객응대 스태프 모집', NULL, TRUE, 'OPEN', '2026-05-19', 14462, 'HOURLY', 4, 53, '주안동 214-1', '근무 태도 성실하고 시간 약속을 잘 지키는 분을 우대합니다. 초보 가능하며 업무 매뉴얼과 교육을 제공합니다. 공고번호 051.', NULL),
(52, 1002, 'GS25 시흥신천점 매장관리 및 캐셔 스태프 모집', 7, FALSE, 'OPEN', '2026-05-21', 2917132, 'MONTHLY', 5, 99, '신천동 123-4', '근무 태도 성실하고 시간 약속을 잘 지키는 분을 우대합니다. 초보 가능하며 업무 매뉴얼과 교육을 제공합니다. 공고번호 052.', '/uploads/businessResumes/resume_form_052.hwp'),
(53, 1003, '물류 상하차/분류 스태프 모집', NULL, FALSE, 'OPEN', '2026-05-23', 14808, 'HOURLY', 6, 34, '우동 88-1', '근무 태도 성실하고 시간 약속을 잘 지키는 분을 우대합니다. 초보 가능하며 업무 매뉴얼과 교육을 제공합니다. 공고번호 053.', NULL),
(54, 1004, '공차 송파잠실점 바리스타 및 매장 스태프 모집', 13, TRUE, 'OPEN', '2026-05-25', 14981, 'HOURLY', NULL, 24, '잠실동 40-1', NULL, NULL),
(55, 1005, '카페 바리스타 및 매장관리 모집', NULL, FALSE, 'OPEN', '2026-05-27', 10473, 'HOURLY', 2, 53, '도화동 71-3', '근무 태도 성실하고 시간 약속을 잘 지키는 분을 우대합니다. 초보 가능하며 업무 매뉴얼과 교육을 제공합니다. 공고번호 055.', NULL),
(56, 1006, '롯데리아 강남역삼점 홀/주방 파트타이머 모집', 19, FALSE, 'EXPIRED', '2026-02-01', 2972296, 'MONTHLY', 3, 23, '역삼동 822-1', '근무 태도 성실하고 시간 약속을 잘 지키는 분을 우대합니다. 초보 가능하며 업무 매뉴얼과 교육을 제공합니다. 공고번호 056.', '/uploads/businessResumes/resume_form_056.hwp'),
(57, 1007, '매장 운영 및 고객응대 스태프 모집', NULL, TRUE, 'OPEN', '2026-05-03', 10819, 'HOURLY', 4, 23, '역삼동 396-1', '근무 태도 성실하고 시간 약속을 잘 지키는 분을 우대합니다. 초보 가능하며 업무 매뉴얼과 교육을 제공합니다. 공고번호 057.', NULL),
(58, 1008, '도미노피자 성수서울숲점 홀/주방 파트타이머 모집', 25, FALSE, 'OPEN', '2026-05-05', 10992, 'HOURLY', 5, 4, '성수동1가 656-12', '근무 태도 성실하고 시간 약속을 잘 지키는 분을 우대합니다. 초보 가능하며 업무 매뉴얼과 교육을 제공합니다. 공고번호 058.', NULL),
(59, 1009, '물류 상하차/분류 스태프 모집', NULL, FALSE, 'OPEN', '2026-05-07', 11165, 'HOURLY', 6, 26, '중앙동 56-2', '근무 태도 성실하고 시간 약속을 잘 지키는 분을 우대합니다. 초보 가능하며 업무 매뉴얼과 교육을 제공합니다. 공고번호 059.', NULL),
(60, 1010, '역전할머니맥주 마포합정점 홀/주방 파트타이머 모집', 31, TRUE, 'OPEN', '2026-05-09', 3027460, 'MONTHLY', 1, 14, '합정동 413-12', NULL, '/uploads/businessResumes/resume_form_060.hwp'),
(61, 1011, '카페 바리스타 및 매장관리 모집', NULL, FALSE, 'OPEN', '2026-05-11', 11511, 'HOURLY', 2, 83, '정자동 321-5', '근무 태도 성실하고 시간 약속을 잘 지키는 분을 우대합니다. 초보 가능하며 업무 매뉴얼과 교육을 제공합니다. 공고번호 061.', NULL),
(62, 1012, '3POP PC방 용산이촌점 매장관리 및 캐셔 스태프 모집', 37, FALSE, 'OPEN', '2026-05-13', 11684, 'HOURLY', 3, 3, '이촌동 301-23', '근무 태도 성실하고 시간 약속을 잘 지키는 분을 우대합니다. 초보 가능하며 업무 매뉴얼과 교육을 제공합니다. 공고번호 062.', NULL),
(63, 1013, '매장 운영 및 고객응대 스태프 모집', NULL, TRUE, 'OPEN', '2026-05-15', 11857, 'HOURLY', NULL, 23, '역삼동 54-7', '근무 태도 성실하고 시간 약속을 잘 지키는 분을 우대합니다. 초보 가능하며 업무 매뉴얼과 교육을 제공합니다. 공고번호 063.', NULL),
(64, 1014, '땡겨요 광명철산점 배달/픽업 라이더 모집', 43, FALSE, 'OPEN', '2026-05-17', 3082624, 'MONTHLY', 5, 87, '철산동 245-7', '근무 태도 성실하고 시간 약속을 잘 지키는 분을 우대합니다. 초보 가능하며 업무 매뉴얼과 교육을 제공합니다. 공고번호 064.', '/uploads/businessResumes/resume_form_064.hwp'),
(65, 1015, '물류 상하차/분류 스태프 모집', NULL, FALSE, 'OPEN', '2026-05-19', 12203, 'HOURLY', 6, 34, '우동 433-5', '근무 태도 성실하고 시간 약속을 잘 지키는 분을 우대합니다. 초보 가능하며 업무 매뉴얼과 교육을 제공합니다. 공고번호 065.', NULL),
(66, 1016, 'CU 분당정자점 매장관리 및 캐셔 스태프 모집', 6, TRUE, 'OPEN', '2026-05-21', 12376, 'HOURLY', 1, 83, '정자동 156-3', NULL, NULL),
(67, 1017, '카페 바리스타 및 매장관리 모집', NULL, FALSE, 'OPEN', '2026-05-23', 12549, 'HOURLY', 2, 23, '역삼동 643-2', '근무 태도 성실하고 시간 약속을 잘 지키는 분을 우대합니다. 초보 가능하며 업무 매뉴얼과 교육을 제공합니다. 공고번호 067.', NULL),
(68, 1018, '투썸플레이스 일산마두점 바리스타 및 매장 스태프 모집', 12, FALSE, 'OPEN', '2026-05-25', 2237788, 'MONTHLY', 3, 93, '마두동 806', '근무 태도 성실하고 시간 약속을 잘 지키는 분을 우대합니다. 초보 가능하며 업무 매뉴얼과 교육을 제공합니다. 공고번호 068.', '/uploads/businessResumes/resume_form_068.hwp'),
(69, 1019, '매장 운영 및 고객응대 스태프 모집', NULL, TRUE, 'OPEN', '2026-05-27', 12895, 'HOURLY', 4, 23, '개포동 131-4', '근무 태도 성실하고 시간 약속을 잘 지키는 분을 우대합니다. 초보 가능하며 업무 매뉴얼과 교육을 제공합니다. 공고번호 069.', NULL),
(70, 1020, '커피빈 수원영통점 바리스타 및 매장 스태프 모집', 18, TRUE, 'CLOSED', '2026-03-15', 13068, 'HOURLY', 5, 80, '영통동 998-3', '근무 태도 성실하고 시간 약속을 잘 지키는 분을 우대합니다. 초보 가능하며 업무 매뉴얼과 교육을 제공합니다. 공고번호 070.', NULL),
(71, 1021, '물류 상하차/분류 스태프 모집', NULL, FALSE, 'OPEN', '2026-05-03', 13241, 'HOURLY', 6, 83, '구미동 1934-2', '근무 태도 성실하고 시간 약속을 잘 지키는 분을 우대합니다. 초보 가능하며 업무 매뉴얼과 교육을 제공합니다. 공고번호 071.', NULL),
(72, 1022, 'KFC 안산중앙점 홀/주방 파트타이머 모집', 24, TRUE, 'OPEN', '2026-05-05', 2292952, 'MONTHLY', NULL, 91, '고잔동 539-2', NULL, '/uploads/businessResumes/resume_form_072.hwp'),
(73, 1023, '카페 바리스타 및 매장관리 모집', NULL, FALSE, 'OPEN', '2026-05-07', 13587, 'HOURLY', 2, 53, '주안동 198-11', '근무 태도 성실하고 시간 약속을 잘 지키는 분을 우대합니다. 초보 가능하며 업무 매뉴얼과 교육을 제공합니다. 공고번호 073.', NULL),
(74, 1024, '배스킨라빈스 인천구월점 홀/주방 파트타이머 모집', 30, FALSE, 'OPEN', '2026-05-09', 13760, 'HOURLY', 3, 55, '구월동 1456-2', '근무 태도 성실하고 시간 약속을 잘 지키는 분을 우대합니다. 초보 가능하며 업무 매뉴얼과 교육을 제공합니다. 공고번호 074.', NULL),
(75, 1025, '매장 운영 및 고객응대 스태프 모집', NULL, TRUE, 'OPEN', '2026-05-11', 13933, 'HOURLY', 4, 23, '논현동 214-9', '근무 태도 성실하고 시간 약속을 잘 지키는 분을 우대합니다. 초보 가능하며 업무 매뉴얼과 교육을 제공합니다. 공고번호 075.', NULL),
(76, 1026, '파리바게뜨 부천상동점 홀/주방 파트타이머 모집', 36, FALSE, 'OPEN', '2026-05-13', 2348116, 'MONTHLY', 5, 86, '상동 534-5', '근무 태도 성실하고 시간 약속을 잘 지키는 분을 우대합니다. 초보 가능하며 업무 매뉴얼과 교육을 제공합니다. 공고번호 076.', '/uploads/businessResumes/resume_form_076.hwp'),
(77, 1027, '물류 상하차/분류 스태프 모집', NULL, FALSE, 'EXPIRED', '2026-02-22', 14279, 'HOURLY', 6, 53, '숭의동 88-6', '근무 태도 성실하고 시간 약속을 잘 지키는 분을 우대합니다. 초보 가능하며 업무 매뉴얼과 교육을 제공합니다. 공고번호 077.', NULL),
(78, 1028, '요기요 평택고덕점 배달/픽업 라이더 모집', 42, TRUE, 'OPEN', '2026-05-17', 14452, 'HOURLY', 1, 88, '고덕동 1973-2', NULL, NULL),
(79, 1029, '카페 바리스타 및 매장관리 모집', NULL, FALSE, 'OPEN', '2026-05-19', 14625, 'HOURLY', 2, 24, '문정동 71-8', '근무 태도 성실하고 시간 약속을 잘 지키는 분을 우대합니다. 초보 가능하며 업무 매뉴얼과 교육을 제공합니다. 공고번호 079.', NULL),
(80, 1030, '로젠택배 화성동탄점 물류 상하차/분류 스태프 모집', 5, TRUE, 'OPEN', '2026-05-21', 2403280, 'MONTHLY', 3, 110, '오산동 537-4', '근무 태도 성실하고 시간 약속을 잘 지키는 분을 우대합니다. 초보 가능하며 업무 매뉴얼과 교육을 제공합니다. 공고번호 080.', '/uploads/businessResumes/resume_form_080.hwp'),
(81, 1031, '매장 운영 및 고객응대 스태프 모집', NULL, TRUE, 'OPEN', '2026-05-23', 14971, 'HOURLY', NULL, 23, '대치동 396-14', '근무 태도 성실하고 시간 약속을 잘 지키는 분을 우대합니다. 초보 가능하며 업무 매뉴얼과 교육을 제공합니다. 공고번호 081.', NULL),
(82, 1032, '메가커피 하남미사점 바리스타 및 매장 스태프 모집', 11, FALSE, 'OPEN', '2026-05-25', 10463, 'HOURLY', 5, 102, '망월동 612-3', '근무 태도 성실하고 시간 약속을 잘 지키는 분을 우대합니다. 초보 가능하며 업무 매뉴얼과 교육을 제공합니다. 공고번호 082.', NULL),
(83, 1033, '물류 상하차/분류 스태프 모집', NULL, FALSE, 'OPEN', '2026-05-27', 10636, 'HOURLY', 6, 23, '역삼동 56-10', '근무 태도 성실하고 시간 약속을 잘 지키는 분을 우대합니다. 초보 가능하며 업무 매뉴얼과 교육을 제공합니다. 공고번호 083.', NULL),
(84, 1034, '이디야 김포장기점 바리스타 및 매장 스태프 모집', 17, TRUE, 'OPEN', '2026-05-01', 2458444, 'MONTHLY', 1, 109, '장기동 1605', NULL, '/uploads/businessResumes/resume_form_084.hwp'),
(85, 1035, '카페 바리스타 및 매장관리 모집', NULL, FALSE, 'OPEN', '2026-05-03', 10982, 'HOURLY', 2, 34, '우동 321-9', '근무 태도 성실하고 시간 약속을 잘 지키는 분을 우대합니다. 초보 가능하며 업무 매뉴얼과 교육을 제공합니다. 공고번호 085.', NULL),
(86, 1036, '써브웨이 파주운정점 홀/주방 파트타이머 모집', 23, FALSE, 'OPEN', '2026-05-05', 11155, 'HOURLY', 3, 106, '목동동 939-3', '근무 태도 성실하고 시간 약속을 잘 지키는 분을 우대합니다. 초보 가능하며 업무 매뉴얼과 교육을 제공합니다. 공고번호 086.', NULL),
(87, 1037, '매장 운영 및 고객응대 스태프 모집', NULL, TRUE, 'OPEN', '2026-05-07', 11328, 'HOURLY', 4, 53, '용현동 54-12', '근무 태도 성실하고 시간 약속을 잘 지키는 분을 우대합니다. 초보 가능하며 업무 매뉴얼과 교육을 제공합니다. 공고번호 087.', NULL),
(88, 1038, 'BHC 대전둔산점 홀/주방 파트타이머 모집', 29, FALSE, 'OPEN', '2026-05-09', 2513608, 'MONTHLY', 5, 68, '둔산동 1036', '근무 태도 성실하고 시간 약속을 잘 지키는 분을 우대합니다. 초보 가능하며 업무 매뉴얼과 교육을 제공합니다. 공고번호 088.', '/uploads/businessResumes/resume_form_088.hwp'),
(89, 1039, '물류 상하차/분류 스태프 모집', NULL, FALSE, 'OPEN', '2026-05-11', 11674, 'HOURLY', 6, 23, '삼성동 433-2', '근무 태도 성실하고 시간 약속을 잘 지키는 분을 우대합니다. 초보 가능하며 업무 매뉴얼과 교육을 제공합니다. 공고번호 089.', NULL),
(90, 1040, '뚜레쥬르 부산해운대점 홀/주방 파트타이머 모집', 35, TRUE, 'OPEN', '2026-05-13', 11847, 'HOURLY', NULL, 34, '우동 541-1', NULL, NULL),
(91, 1041, '카페 바리스타 및 매장관리 모집', NULL, FALSE, 'CLOSED', '2026-03-08', 12020, 'HOURLY', 2, 110, '산척동 643-4', '근무 태도 성실하고 시간 약속을 잘 지키는 분을 우대합니다. 초보 가능하며 업무 매뉴얼과 교육을 제공합니다. 공고번호 091.', NULL),
(92, 1042, '쿠팡이츠 대구동성로점 배달/픽업 라이더 모집', 41, FALSE, 'OPEN', '2026-05-17', 2568772, 'MONTHLY', 3, 42, '동성로2가 88-1', '근무 태도 성실하고 시간 약속을 잘 지키는 분을 우대합니다. 초보 가능하며 업무 매뉴얼과 교육을 제공합니다. 공고번호 092.', '/uploads/businessResumes/resume_form_092.hwp'),
(93, 1043, '매장 운영 및 고객응대 스태프 모집', NULL, TRUE, 'OPEN', '2026-05-19', 12366, 'HOURLY', 4, 83, '백현동 131-5', '근무 태도 성실하고 시간 약속을 잘 지키는 분을 우대합니다. 초보 가능하며 업무 매뉴얼과 교육을 제공합니다. 공고번호 093.', NULL),
(94, 1044, '롯데택배 광주상무점 물류 상하차/분류 스태프 모집', 4, FALSE, 'OPEN', '2026-05-21', 12539, 'HOURLY', 5, 62, '치평동 1218', '근무 태도 성실하고 시간 약속을 잘 지키는 분을 우대합니다. 초보 가능하며 업무 매뉴얼과 교육을 제공합니다. 공고번호 094.', NULL),
(95, 1045, '물류 상하차/분류 스태프 모집', NULL, FALSE, 'OPEN', '2026-05-23', 12712, 'HOURLY', 6, 24, '가락동 1934-7', '근무 태도 성실하고 시간 약속을 잘 지키는 분을 우대합니다. 초보 가능하며 업무 매뉴얼과 교육을 제공합니다. 공고번호 095.', NULL),
(96, 1046, '스타벅스 울산삼산점 바리스타 및 매장 스태프 모집', 10, TRUE, 'OPEN', '2026-05-25', 2623936, 'MONTHLY', 1, 72, '삼산동 1479-5', NULL, '/uploads/businessResumes/resume_form_096.hwp'),
(97, 1047, '카페 바리스타 및 매장관리 모집', NULL, FALSE, 'OPEN', '2026-05-27', 13058, 'HOURLY', 2, 24, '방이동 198-3', '근무 태도 성실하고 시간 약속을 잘 지키는 분을 우대합니다. 초보 가능하며 업무 매뉴얼과 교육을 제공합니다. 공고번호 097.', NULL),
(98, 1048, '컴포즈커피 제주연동점 바리스타 및 매장 스태프 모집', 16, FALSE, 'EXPIRED', '2026-02-15', 13231, 'HOURLY', 3, 248, '연동 272-1', '근무 태도 성실하고 시간 약속을 잘 지키는 분을 우대합니다. 초보 가능하며 업무 매뉴얼과 교육을 제공합니다. 공고번호 098.', NULL),
(99, 1049, '매장 운영 및 고객응대 스태프 모집', NULL, TRUE, 'OPEN', '2026-05-03', 13404, 'HOURLY', NULL, 53, '주안동 214-8', '근무 태도 성실하고 시간 약속을 잘 지키는 분을 우대합니다. 초보 가능하며 업무 매뉴얼과 교육을 제공합니다. 공고번호 099.', NULL),
(100, 1050, '버거킹 천안불당점 홀/주방 파트타이머 모집', 22, TRUE, 'OPEN', '2026-05-05', 2679100, 'MONTHLY', 5, 151, '불당동 1537', '근무 태도 성실하고 시간 약속을 잘 지키는 분을 우대합니다. 초보 가능하며 업무 매뉴얼과 교육을 제공합니다. 공고번호 100.', '/uploads/businessResumes/resume_form_100.hwp');

INSERT IGNORE INTO work_days (id, recruit_id, day) VALUES
(1, 1, 'SAT'),
(2, 1, 'SUN'),
(3, 2, 'MON'),
(4, 2, 'WED'),
(5, 2, 'FRI'),
(6, 3, 'TUE'),
(7, 3, 'THU'),
(8, 3, 'SAT'),
(9, 4, 'MON'),
(10, 4, 'TUE'),
(11, 4, 'WED'),
(12, 4, 'THU'),
(13, 4, 'FRI'),
(14, 4, 'SAT'),
(15, 5, 'WED'),
(16, 5, 'THU'),
(17, 5, 'FRI'),
(18, 6, 'FRI'),
(19, 6, 'SAT'),
(20, 6, 'SUN'),
(21, 7, 'MON'),
(22, 7, 'TUE'),
(23, 7, 'WED'),
(24, 7, 'THU'),
(25, 7, 'FRI'),
(26, 8, 'SAT'),
(27, 8, 'SUN'),
(28, 9, 'MON'),
(29, 9, 'WED'),
(30, 9, 'FRI'),
(31, 10, 'TUE'),
(32, 10, 'THU'),
(33, 10, 'SAT'),
(34, 11, 'MON'),
(35, 11, 'TUE'),
(36, 11, 'WED'),
(37, 11, 'THU'),
(38, 11, 'FRI'),
(39, 11, 'SAT'),
(40, 12, 'WED'),
(41, 12, 'THU'),
(42, 12, 'FRI'),
(43, 13, 'FRI'),
(44, 13, 'SAT'),
(45, 13, 'SUN'),
(46, 14, 'MON'),
(47, 14, 'TUE'),
(48, 14, 'WED'),
(49, 14, 'THU'),
(50, 14, 'FRI'),
(51, 15, 'SAT'),
(52, 15, 'SUN'),
(53, 16, 'MON'),
(54, 16, 'WED'),
(55, 16, 'FRI'),
(56, 17, 'TUE'),
(57, 17, 'THU'),
(58, 17, 'SAT'),
(59, 18, 'MON'),
(60, 18, 'TUE'),
(61, 18, 'WED'),
(62, 18, 'THU'),
(63, 18, 'FRI'),
(64, 18, 'SAT'),
(65, 19, 'WED'),
(66, 19, 'THU'),
(67, 19, 'FRI'),
(68, 20, 'FRI'),
(69, 20, 'SAT'),
(70, 20, 'SUN'),
(71, 21, 'MON'),
(72, 21, 'TUE'),
(73, 21, 'WED'),
(74, 21, 'THU'),
(75, 21, 'FRI'),
(76, 22, 'SAT'),
(77, 22, 'SUN'),
(78, 23, 'MON'),
(79, 23, 'WED'),
(80, 23, 'FRI'),
(81, 24, 'TUE'),
(82, 24, 'THU'),
(83, 24, 'SAT'),
(84, 25, 'MON'),
(85, 25, 'TUE'),
(86, 25, 'WED'),
(87, 25, 'THU'),
(88, 25, 'FRI'),
(89, 25, 'SAT'),
(90, 26, 'WED'),
(91, 26, 'THU'),
(92, 26, 'FRI'),
(93, 27, 'FRI'),
(94, 27, 'SAT'),
(95, 27, 'SUN'),
(96, 28, 'MON'),
(97, 28, 'TUE'),
(98, 28, 'WED'),
(99, 28, 'THU'),
(100, 28, 'FRI'),
(101, 29, 'SAT'),
(102, 29, 'SUN'),
(103, 30, 'MON'),
(104, 30, 'WED'),
(105, 30, 'FRI'),
(106, 31, 'TUE'),
(107, 31, 'THU'),
(108, 31, 'SAT'),
(109, 32, 'MON'),
(110, 32, 'TUE'),
(111, 32, 'WED'),
(112, 32, 'THU'),
(113, 32, 'FRI'),
(114, 32, 'SAT'),
(115, 33, 'WED'),
(116, 33, 'THU'),
(117, 33, 'FRI'),
(118, 34, 'FRI'),
(119, 34, 'SAT'),
(120, 34, 'SUN'),
(121, 35, 'MON'),
(122, 35, 'TUE'),
(123, 35, 'WED'),
(124, 35, 'THU'),
(125, 35, 'FRI'),
(126, 36, 'SAT'),
(127, 36, 'SUN'),
(128, 37, 'MON'),
(129, 37, 'WED'),
(130, 37, 'FRI'),
(131, 38, 'TUE'),
(132, 38, 'THU'),
(133, 38, 'SAT'),
(134, 39, 'MON'),
(135, 39, 'TUE'),
(136, 39, 'WED'),
(137, 39, 'THU'),
(138, 39, 'FRI'),
(139, 39, 'SAT'),
(140, 40, 'WED'),
(141, 40, 'THU'),
(142, 40, 'FRI'),
(143, 41, 'FRI'),
(144, 41, 'SAT'),
(145, 41, 'SUN'),
(146, 42, 'MON'),
(147, 42, 'TUE'),
(148, 42, 'WED'),
(149, 42, 'THU'),
(150, 42, 'FRI'),
(151, 43, 'SAT'),
(152, 43, 'SUN'),
(153, 44, 'MON'),
(154, 44, 'WED'),
(155, 44, 'FRI'),
(156, 45, 'TUE'),
(157, 45, 'THU'),
(158, 45, 'SAT'),
(159, 46, 'MON'),
(160, 46, 'TUE'),
(161, 46, 'WED'),
(162, 46, 'THU'),
(163, 46, 'FRI'),
(164, 46, 'SAT'),
(165, 47, 'WED'),
(166, 47, 'THU'),
(167, 47, 'FRI'),
(168, 48, 'FRI'),
(169, 48, 'SAT'),
(170, 48, 'SUN'),
(171, 49, 'MON'),
(172, 49, 'TUE'),
(173, 49, 'WED'),
(174, 49, 'THU'),
(175, 49, 'FRI'),
(176, 50, 'SAT'),
(177, 50, 'SUN'),
(178, 51, 'MON'),
(179, 51, 'WED'),
(180, 51, 'FRI'),
(181, 52, 'TUE'),
(182, 52, 'THU'),
(183, 52, 'SAT'),
(184, 53, 'MON'),
(185, 53, 'TUE'),
(186, 53, 'WED'),
(187, 53, 'THU'),
(188, 53, 'FRI'),
(189, 53, 'SAT'),
(190, 54, 'WED'),
(191, 54, 'THU'),
(192, 54, 'FRI'),
(193, 55, 'FRI'),
(194, 55, 'SAT'),
(195, 55, 'SUN'),
(196, 56, 'MON'),
(197, 56, 'TUE'),
(198, 56, 'WED'),
(199, 56, 'THU'),
(200, 56, 'FRI'),
(201, 57, 'SAT'),
(202, 57, 'SUN'),
(203, 58, 'MON'),
(204, 58, 'WED'),
(205, 58, 'FRI'),
(206, 59, 'TUE'),
(207, 59, 'THU'),
(208, 59, 'SAT'),
(209, 60, 'MON'),
(210, 60, 'TUE'),
(211, 60, 'WED'),
(212, 60, 'THU'),
(213, 60, 'FRI'),
(214, 60, 'SAT'),
(215, 61, 'WED'),
(216, 61, 'THU'),
(217, 61, 'FRI'),
(218, 62, 'FRI'),
(219, 62, 'SAT'),
(220, 62, 'SUN'),
(221, 63, 'MON'),
(222, 63, 'TUE'),
(223, 63, 'WED'),
(224, 63, 'THU'),
(225, 63, 'FRI'),
(226, 64, 'SAT'),
(227, 64, 'SUN'),
(228, 65, 'MON'),
(229, 65, 'WED'),
(230, 65, 'FRI'),
(231, 66, 'TUE'),
(232, 66, 'THU'),
(233, 66, 'SAT'),
(234, 67, 'MON'),
(235, 67, 'TUE'),
(236, 67, 'WED'),
(237, 67, 'THU'),
(238, 67, 'FRI'),
(239, 67, 'SAT'),
(240, 68, 'WED'),
(241, 68, 'THU'),
(242, 68, 'FRI'),
(243, 69, 'FRI'),
(244, 69, 'SAT'),
(245, 69, 'SUN'),
(246, 70, 'MON'),
(247, 70, 'TUE'),
(248, 70, 'WED'),
(249, 70, 'THU'),
(250, 70, 'FRI'),
(251, 71, 'SAT'),
(252, 71, 'SUN'),
(253, 72, 'MON'),
(254, 72, 'WED'),
(255, 72, 'FRI'),
(256, 73, 'TUE'),
(257, 73, 'THU'),
(258, 73, 'SAT'),
(259, 74, 'MON'),
(260, 74, 'TUE'),
(261, 74, 'WED'),
(262, 74, 'THU'),
(263, 74, 'FRI'),
(264, 74, 'SAT'),
(265, 75, 'WED'),
(266, 75, 'THU'),
(267, 75, 'FRI'),
(268, 76, 'FRI'),
(269, 76, 'SAT'),
(270, 76, 'SUN'),
(271, 77, 'MON'),
(272, 77, 'TUE'),
(273, 77, 'WED'),
(274, 77, 'THU'),
(275, 77, 'FRI'),
(276, 78, 'SAT'),
(277, 78, 'SUN'),
(278, 79, 'MON'),
(279, 79, 'WED'),
(280, 79, 'FRI'),
(281, 80, 'TUE'),
(282, 80, 'THU'),
(283, 80, 'SAT'),
(284, 81, 'MON'),
(285, 81, 'TUE'),
(286, 81, 'WED'),
(287, 81, 'THU'),
(288, 81, 'FRI'),
(289, 81, 'SAT'),
(290, 82, 'WED'),
(291, 82, 'THU'),
(292, 82, 'FRI'),
(293, 83, 'FRI'),
(294, 83, 'SAT'),
(295, 83, 'SUN'),
(296, 84, 'MON'),
(297, 84, 'TUE'),
(298, 84, 'WED'),
(299, 84, 'THU'),
(300, 84, 'FRI'),
(301, 85, 'SAT'),
(302, 85, 'SUN'),
(303, 86, 'MON'),
(304, 86, 'WED'),
(305, 86, 'FRI'),
(306, 87, 'TUE'),
(307, 87, 'THU'),
(308, 87, 'SAT'),
(309, 88, 'MON'),
(310, 88, 'TUE'),
(311, 88, 'WED'),
(312, 88, 'THU'),
(313, 88, 'FRI'),
(314, 88, 'SAT'),
(315, 89, 'WED'),
(316, 89, 'THU'),
(317, 89, 'FRI'),
(318, 90, 'FRI'),
(319, 90, 'SAT'),
(320, 90, 'SUN'),
(321, 91, 'MON'),
(322, 91, 'TUE'),
(323, 91, 'WED'),
(324, 91, 'THU'),
(325, 91, 'FRI'),
(326, 92, 'SAT'),
(327, 92, 'SUN'),
(328, 93, 'MON'),
(329, 93, 'WED'),
(330, 93, 'FRI'),
(331, 94, 'TUE'),
(332, 94, 'THU'),
(333, 94, 'SAT'),
(334, 95, 'MON'),
(335, 95, 'TUE'),
(336, 95, 'WED'),
(337, 95, 'THU'),
(338, 95, 'FRI'),
(339, 95, 'SAT'),
(340, 96, 'WED'),
(341, 96, 'THU'),
(342, 96, 'FRI'),
(343, 97, 'FRI'),
(344, 97, 'SAT'),
(345, 97, 'SUN'),
(346, 98, 'MON'),
(347, 98, 'TUE'),
(348, 98, 'WED'),
(349, 98, 'THU'),
(350, 98, 'FRI'),
(351, 99, 'SAT'),
(352, 99, 'SUN'),
(353, 100, 'MON'),
(354, 100, 'WED'),
(355, 100, 'FRI');

INSERT IGNORE INTO work_time (id, recruit_id, times) VALUES
(1, 1, 'AFTERNOON'),
(2, 2, 'EVENING'),
(3, 3, 'NIGHT'),
(4, 4, 'MORNING_AFTERNOON'),
(5, 5, 'AFTERNOON_EVENING'),
(6, 6, 'EVENING_NIGHT'),
(7, 7, 'FULLTIME'),
(8, 8, 'MORNING'),
(9, 9, 'AFTERNOON'),
(10, 10, 'EVENING'),
(11, 11, 'NIGHT'),
(12, 12, 'MORNING_AFTERNOON'),
(13, 13, 'AFTERNOON_EVENING'),
(14, 14, 'EVENING_NIGHT'),
(15, 15, 'FULLTIME'),
(16, 16, 'MORNING'),
(17, 17, 'AFTERNOON'),
(18, 18, 'EVENING'),
(19, 19, 'NIGHT'),
(20, 20, 'MORNING_AFTERNOON'),
(21, 21, 'AFTERNOON_EVENING'),
(22, 22, 'EVENING_NIGHT'),
(23, 23, 'FULLTIME'),
(24, 24, 'MORNING'),
(25, 25, 'AFTERNOON'),
(26, 26, 'EVENING'),
(27, 27, 'NIGHT'),
(28, 28, 'MORNING_AFTERNOON'),
(29, 29, 'AFTERNOON_EVENING'),
(30, 30, 'EVENING_NIGHT'),
(31, 31, 'FULLTIME'),
(32, 32, 'MORNING'),
(33, 33, 'AFTERNOON'),
(34, 34, 'EVENING'),
(35, 35, 'NIGHT'),
(36, 36, 'MORNING_AFTERNOON'),
(37, 37, 'AFTERNOON_EVENING'),
(38, 38, 'EVENING_NIGHT'),
(39, 39, 'FULLTIME'),
(40, 40, 'MORNING'),
(41, 41, 'AFTERNOON'),
(42, 42, 'EVENING'),
(43, 43, 'NIGHT'),
(44, 44, 'MORNING_AFTERNOON'),
(45, 45, 'AFTERNOON_EVENING'),
(46, 46, 'EVENING_NIGHT'),
(47, 47, 'FULLTIME'),
(48, 48, 'MORNING'),
(49, 49, 'AFTERNOON'),
(50, 50, 'EVENING'),
(51, 51, 'NIGHT'),
(52, 52, 'MORNING_AFTERNOON'),
(53, 53, 'AFTERNOON_EVENING'),
(54, 54, 'EVENING_NIGHT'),
(55, 55, 'FULLTIME'),
(56, 56, 'MORNING'),
(57, 57, 'AFTERNOON'),
(58, 58, 'EVENING'),
(59, 59, 'NIGHT'),
(60, 60, 'MORNING_AFTERNOON'),
(61, 61, 'AFTERNOON_EVENING'),
(62, 62, 'EVENING_NIGHT'),
(63, 63, 'FULLTIME'),
(64, 64, 'MORNING'),
(65, 65, 'AFTERNOON'),
(66, 66, 'EVENING'),
(67, 67, 'NIGHT'),
(68, 68, 'MORNING_AFTERNOON'),
(69, 69, 'AFTERNOON_EVENING'),
(70, 70, 'EVENING_NIGHT'),
(71, 71, 'FULLTIME'),
(72, 72, 'MORNING'),
(73, 73, 'AFTERNOON'),
(74, 74, 'EVENING'),
(75, 75, 'NIGHT'),
(76, 76, 'MORNING_AFTERNOON'),
(77, 77, 'AFTERNOON_EVENING'),
(78, 78, 'EVENING_NIGHT'),
(79, 79, 'FULLTIME'),
(80, 80, 'MORNING'),
(81, 81, 'AFTERNOON'),
(82, 82, 'EVENING'),
(83, 83, 'NIGHT'),
(84, 84, 'MORNING_AFTERNOON'),
(85, 85, 'AFTERNOON_EVENING'),
(86, 86, 'EVENING_NIGHT'),
(87, 87, 'FULLTIME'),
(88, 88, 'MORNING'),
(89, 89, 'AFTERNOON'),
(90, 90, 'EVENING'),
(91, 91, 'NIGHT'),
(92, 92, 'MORNING_AFTERNOON'),
(93, 93, 'AFTERNOON_EVENING'),
(94, 94, 'EVENING_NIGHT'),
(95, 95, 'FULLTIME'),
(96, 96, 'MORNING'),
(97, 97, 'AFTERNOON'),
(98, 98, 'EVENING'),
(99, 99, 'NIGHT'),
(100, 100, 'MORNING_AFTERNOON');

INSERT IGNORE INTO work_period (id, recruit_id, period) VALUES
(1, 1, 'OneMonth'),
(2, 2, 'ThreeMonths'),
(3, 3, 'OneDay'),
(4, 4, 'SixMonths'),
(5, 5, 'OneYear'),
(6, 6, 'OneDay'),
(7, 7, 'MoreThanOneYear'),
(8, 8, 'OneMonth'),
(9, 9, 'OneWeek'),
(10, 10, 'OneDay'),
(11, 11, 'ThreeMonths'),
(12, 12, 'OneWeek'),
(13, 13, 'SixMonths'),
(14, 14, 'OneYear'),
(15, 15, 'OneDay'),
(16, 16, 'MoreThanOneYear'),
(17, 17, 'OneMonth'),
(18, 18, 'OneWeek'),
(19, 19, 'ThreeMonths'),
(20, 20, 'OneDay'),
(21, 21, 'OneWeek'),
(22, 22, 'SixMonths'),
(23, 23, 'OneYear'),
(24, 24, 'OneDay'),
(25, 25, 'MoreThanOneYear'),
(26, 26, 'OneMonth'),
(27, 27, 'OneWeek'),
(28, 28, 'ThreeMonths'),
(29, 29, 'SixMonths'),
(30, 30, 'OneDay'),
(31, 31, 'OneYear'),
(32, 32, 'MoreThanOneYear'),
(33, 33, 'OneWeek'),
(34, 34, 'OneMonth'),
(35, 35, 'ThreeMonths'),
(36, 36, 'OneDay'),
(37, 37, 'SixMonths'),
(38, 38, 'OneYear'),
(39, 39, 'OneWeek'),
(40, 40, 'OneDay'),
(41, 41, 'MoreThanOneYear'),
(42, 42, 'OneWeek'),
(43, 43, 'OneMonth'),
(44, 44, 'ThreeMonths'),
(45, 45, 'OneDay'),
(46, 46, 'SixMonths'),
(47, 47, 'OneYear'),
(48, 48, 'OneWeek'),
(49, 49, 'MoreThanOneYear'),
(50, 50, 'OneDay'),
(51, 51, 'OneWeek'),
(52, 52, 'OneMonth'),
(53, 53, 'ThreeMonths'),
(54, 54, 'OneDay'),
(55, 55, 'SixMonths'),
(56, 56, 'OneYear'),
(57, 57, 'OneWeek'),
(58, 58, 'MoreThanOneYear'),
(59, 59, 'OneMonth'),
(60, 60, 'OneDay'),
(61, 61, 'ThreeMonths'),
(62, 62, 'SixMonths'),
(63, 63, 'OneWeek'),
(64, 64, 'OneYear'),
(65, 65, 'MoreThanOneYear'),
(66, 66, 'OneDay'),
(67, 67, 'OneMonth'),
(68, 68, 'ThreeMonths'),
(69, 69, 'OneWeek'),
(70, 70, 'OneDay'),
(71, 71, 'SixMonths'),
(72, 72, 'OneWeek'),
(73, 73, 'OneYear'),
(74, 74, 'MoreThanOneYear'),
(75, 75, 'OneDay'),
(76, 76, 'OneMonth'),
(77, 77, 'ThreeMonths'),
(78, 78, 'OneWeek'),
(79, 79, 'SixMonths'),
(80, 80, 'OneDay'),
(81, 81, 'OneWeek'),
(82, 82, 'OneYear'),
(83, 83, 'MoreThanOneYear'),
(84, 84, 'OneDay'),
(85, 85, 'OneMonth'),
(86, 86, 'ThreeMonths'),
(87, 87, 'OneWeek'),
(88, 88, 'SixMonths'),
(89, 89, 'OneYear'),
(90, 90, 'OneDay'),
(91, 91, 'MoreThanOneYear'),
(92, 92, 'OneMonth'),
(93, 93, 'OneWeek'),
(94, 94, 'ThreeMonths'),
(95, 95, 'SixMonths'),
(96, 96, 'OneDay'),
(97, 97, 'OneYear'),
(98, 98, 'MoreThanOneYear'),
(99, 99, 'OneDay'),
(100, 100, 'OneWeek');

INSERT IGNORE INTO business_type (id, recruit_id, type) VALUES
(1, 1, 'CAFE'),
(2, 2, 'RETAIL_STORE'),
(3, 3, 'RETAIL_STORE'),
(4, 4, 'CAFE'),
(5, 5, 'MANUAL_LABOR'),
(6, 6, 'FOOD_RESTAURANT'),
(7, 7, 'CAFE'),
(8, 8, 'FOOD_RESTAURANT'),
(9, 9, 'RETAIL_STORE'),
(10, 10, 'FOOD_RESTAURANT'),
(11, 11, 'MANUAL_LABOR'),
(12, 12, 'RETAIL_STORE'),
(13, 13, 'CAFE'),
(14, 14, 'DELIVERY_DRIVER'),
(15, 15, 'RETAIL_STORE'),
(16, 16, 'RETAIL_STORE'),
(17, 17, 'MANUAL_LABOR'),
(18, 18, 'CAFE'),
(19, 19, 'CAFE'),
(20, 20, 'CAFE'),
(21, 21, 'RETAIL_STORE'),
(22, 22, 'FOOD_RESTAURANT'),
(23, 23, 'MANUAL_LABOR'),
(24, 24, 'FOOD_RESTAURANT'),
(25, 25, 'CAFE'),
(26, 26, 'FOOD_RESTAURANT'),
(27, 27, 'RETAIL_STORE'),
(28, 28, 'DELIVERY_DRIVER'),
(29, 29, 'MANUAL_LABOR'),
(30, 30, 'MANUAL_LABOR'),
(31, 31, 'CAFE'),
(32, 32, 'CAFE'),
(33, 33, 'RETAIL_STORE'),
(34, 34, 'CAFE'),
(35, 35, 'MANUAL_LABOR'),
(36, 36, 'FOOD_RESTAURANT'),
(37, 37, 'CAFE'),
(38, 38, 'FOOD_RESTAURANT'),
(39, 39, 'RETAIL_STORE'),
(40, 40, 'FOOD_RESTAURANT'),
(41, 41, 'MANUAL_LABOR'),
(42, 42, 'DELIVERY_DRIVER'),
(43, 43, 'CAFE'),
(44, 44, 'MANUAL_LABOR'),
(45, 45, 'RETAIL_STORE'),
(46, 46, 'CAFE'),
(47, 47, 'MANUAL_LABOR'),
(48, 48, 'CAFE'),
(49, 49, 'CAFE'),
(50, 50, 'FOOD_RESTAURANT'),
(51, 51, 'RETAIL_STORE'),
(52, 52, 'RETAIL_STORE'),
(53, 53, 'MANUAL_LABOR'),
(54, 54, 'CAFE'),
(55, 55, 'CAFE'),
(56, 56, 'FOOD_RESTAURANT'),
(57, 57, 'RETAIL_STORE'),
(58, 58, 'FOOD_RESTAURANT'),
(59, 59, 'MANUAL_LABOR'),
(60, 60, 'FOOD_RESTAURANT'),
(61, 61, 'CAFE'),
(62, 62, 'RETAIL_STORE'),
(63, 63, 'RETAIL_STORE'),
(64, 64, 'DELIVERY_DRIVER'),
(65, 65, 'MANUAL_LABOR'),
(66, 66, 'RETAIL_STORE'),
(67, 67, 'CAFE'),
(68, 68, 'CAFE'),
(69, 69, 'RETAIL_STORE'),
(70, 70, 'CAFE'),
(71, 71, 'MANUAL_LABOR'),
(72, 72, 'FOOD_RESTAURANT'),
(73, 73, 'CAFE'),
(74, 74, 'FOOD_RESTAURANT'),
(75, 75, 'RETAIL_STORE'),
(76, 76, 'FOOD_RESTAURANT'),
(77, 77, 'MANUAL_LABOR'),
(78, 78, 'DELIVERY_DRIVER'),
(79, 79, 'CAFE'),
(80, 80, 'MANUAL_LABOR'),
(81, 81, 'RETAIL_STORE'),
(82, 82, 'CAFE'),
(83, 83, 'MANUAL_LABOR'),
(84, 84, 'CAFE'),
(85, 85, 'CAFE'),
(86, 86, 'FOOD_RESTAURANT'),
(87, 87, 'RETAIL_STORE'),
(88, 88, 'FOOD_RESTAURANT'),
(89, 89, 'MANUAL_LABOR'),
(90, 90, 'FOOD_RESTAURANT'),
(91, 91, 'CAFE'),
(92, 92, 'DELIVERY_DRIVER'),
(93, 93, 'RETAIL_STORE'),
(94, 94, 'MANUAL_LABOR'),
(95, 95, 'MANUAL_LABOR'),
(96, 96, 'CAFE'),
(97, 97, 'CAFE'),
(98, 98, 'CAFE'),
(99, 99, 'RETAIL_STORE'),
(100, 100, 'FOOD_RESTAURANT');

       -- =====================================================================
-- 개인회원 프로필 + 이력서 더미데이터 (member_id 1~20, 20명)  [수정본]
-- Career, License, HighestEducation이 resume_id FK를 직접 보유
-- → resume_career / resume_license / resume_education 조인테이블 불필요
-- =====================================================================

-- ───────────────────────────────────────────────
-- 1. individual_profile 업데이트
--    is_special: 1,2,5,6,9,10,13,14,17,18 → TRUE (10명)
--    is_active : 홀수 TRUE, 짝수 FALSE
-- ───────────────────────────────────────────────
UPDATE individual_profile SET is_active = TRUE,  is_special = TRUE  WHERE member_id = 1;
UPDATE individual_profile SET is_active = FALSE, is_special = TRUE  WHERE member_id = 2;
UPDATE individual_profile SET is_active = TRUE,  is_special = FALSE WHERE member_id = 3;
UPDATE individual_profile SET is_active = FALSE, is_special = FALSE WHERE member_id = 4;
UPDATE individual_profile SET is_active = TRUE,  is_special = TRUE  WHERE member_id = 5;
UPDATE individual_profile SET is_active = FALSE, is_special = TRUE  WHERE member_id = 6;
UPDATE individual_profile SET is_active = TRUE,  is_special = FALSE WHERE member_id = 7;
UPDATE individual_profile SET is_active = FALSE, is_special = FALSE WHERE member_id = 8;
UPDATE individual_profile SET is_active = TRUE,  is_special = TRUE  WHERE member_id = 9;
UPDATE individual_profile SET is_active = FALSE, is_special = TRUE  WHERE member_id = 10;
UPDATE individual_profile SET is_active = TRUE,  is_special = FALSE WHERE member_id = 11;
UPDATE individual_profile SET is_active = FALSE, is_special = FALSE WHERE member_id = 12;
UPDATE individual_profile SET is_active = TRUE,  is_special = TRUE  WHERE member_id = 13;
UPDATE individual_profile SET is_active = FALSE, is_special = TRUE  WHERE member_id = 14;
UPDATE individual_profile SET is_active = TRUE,  is_special = FALSE WHERE member_id = 15;
UPDATE individual_profile SET is_active = FALSE, is_special = FALSE WHERE member_id = 16;
UPDATE individual_profile SET is_active = TRUE,  is_special = TRUE  WHERE member_id = 17;
UPDATE individual_profile SET is_active = FALSE, is_special = TRUE  WHERE member_id = 18;
UPDATE individual_profile SET is_active = TRUE,  is_special = FALSE WHERE member_id = 19;
UPDATE individual_profile SET is_active = FALSE, is_special = FALSE WHERE member_id = 20;


-- ───────────────────────────────────────────────
-- 2. resume (이력서) — 먼저 삽입해야 career 등에서 resume_id 참조 가능
--    visibility = TRUE (전원 인재정보 노출)
-- ───────────────────────────────────────────────
INSERT IGNORE INTO resume (id, member_id, title, visibility, content, created_at, updated_at) VALUES
(1,  1,  '카페·음료 전문 바리스타 지원합니다', TRUE,
 '스타벅스에서 2년 이상 바리스타로 근무하며 에스프레소 음료 제조와 고객 응대 역량을 쌓았습니다. 성실하고 밝은 태도로 팀워크를 발휘합니다.',
 '2024-01-10 09:00:00', '2024-03-15 11:00:00'),

(2,  2,  '편의점·유통 경력 3년, 꼼꼼한 매장 관리자', TRUE,
 'GS25와 CU에서 총 4년간 야간 캐셔 및 점포 운영을 담당했습니다. 재고 관리, POS 운용, 상품 진열 경험이 풍부합니다.',
 '2024-01-15 10:00:00', '2024-02-20 14:00:00'),

(3,  3,  '외식업 조리·홀 서빙 경험자 구직 중', TRUE,
 '맥도날드, 롯데리아 등 패스트푸드 매장에서 홀 서빙과 주방 보조를 경험했습니다. 빠른 적응력과 위생 관념을 갖추고 있습니다.',
 '2024-02-01 08:30:00', '2024-03-01 09:00:00'),

(4,  4,  '물류 상하차 및 창고 관리 경험자', TRUE,
 '쿠팡 물류센터에서 2년 이상 상하차 및 분류 작업을 수행했습니다. 지게차 운전면허 보유, 야간 근무 가능합니다.',
 '2024-01-20 07:00:00', '2024-02-10 08:00:00'),

(5,  5,  '배달 라이더 경력 4년, 안전 운전 최우선', TRUE,
 '배달의민족과 요기요에서 총 4년 배달 라이더로 활동하며 우수 평점을 유지했습니다. 지역 지리에 밝고 시간 관리 능력이 뛰어납니다.',
 '2024-01-25 13:00:00', '2024-03-10 15:00:00'),

(6,  6,  '치킨·외식 주방 경력 보유, 적응력 높은 파트타이머', TRUE,
 '교촌치킨과 BBQ에서 총 4년간 주방 및 홀 업무를 담당했습니다. 양식 조리기능사 자격증 보유, 위생 관리에 철저합니다.',
 '2024-02-05 11:00:00', '2024-03-20 12:00:00'),

(7,  7,  '커피 전문 바리스타 1급, 카페 관리 경험', TRUE,
 '메가커피에서 2년 이상 바리스타로 근무하며 음료 레시피 관리 및 매장 재고 관리를 담당했습니다. 바리스타 1급 자격 보유.',
 '2024-01-30 10:30:00', '2024-02-28 11:00:00'),

(8,  8,  '제과제빵·카페 경력 보유, 성실한 파트타이머', TRUE,
 '투썸플레이스와 빽다방에서 바리스타 및 케이크 판매 업무를 수행했습니다. 제과제빵기능사 자격 보유, 디저트 관련 업무에 열정이 있습니다.',
 '2024-02-10 09:00:00', '2024-03-05 10:00:00'),

(9,  9,  '베이커리 홀 서빙 및 포장 전문가', TRUE,
 '파리바게뜨, 뚜레쥬르에서 약 5년간 홀 서빙과 빵 포장 업무를 담당했습니다. 제과제빵기능사 자격 보유, 신속·정확한 업무 처리가 강점입니다.',
 '2024-01-12 14:00:00', '2024-03-08 15:00:00'),

(10, 10, 'PC방 야간 관리 및 고객응대 경험', TRUE,
 '3POP PC방과 개인 PC방에서 매장 관리, 고객 응대, 야간 운영을 담당했습니다. 컴퓨터활용능력 2급 보유, 트러블슈팅 능력 우수.',
 '2024-02-15 20:00:00', '2024-03-18 21:00:00'),

(11, 11, '카페·편의점 알바 경험 다수, 성실 지원자', TRUE,
 '서울 강남 지역 카페 및 편의점에서 바리스타, 캐셔 업무를 수행했습니다. 바리스타 2급 자격 보유, 빠른 습득력이 장점입니다.',
 '2024-02-20 10:00:00', '2024-03-22 11:00:00'),

(12, 12, '물류 현장 경험자, 야간 근무 가능', TRUE,
 '동탄물류센터와 인천항에서 상하차 및 분류 작업을 담당했습니다. 체력이 좋고 팀 작업에 능숙합니다.',
 '2024-01-18 06:30:00', '2024-02-14 07:00:00'),

(13, 13, '식음료·외식 홀 서빙 경력 보유', TRUE,
 '홍대 이자카야와 마포구 식당에서 홀 서빙과 주방 보조 경험을 쌓았습니다. 한식 조리기능사 자격 보유, 친절한 서비스 마인드를 갖추었습니다.',
 '2024-02-25 12:00:00', '2024-03-25 13:00:00'),

(14, 14, '베이커리·카페 판매 및 홀 운영 경험', TRUE,
 '강남 지역 베이커리와 카페에서 빵 판매 및 홀 운영 경험이 있습니다. 고객 친화적이고 정리정돈 능력이 우수합니다.',
 '2024-01-22 09:30:00', '2024-02-22 10:00:00'),

(15, 15, '사무보조·물류 창고 파트타임 경험자', TRUE,
 '판교 IT 기업에서 사무 보조를, 성남 물류창고에서 피킹·패킹 작업을 담당했습니다. 컴퓨터활용능력 1급 보유, 꼼꼼하고 책임감이 강합니다.',
 '2024-02-08 11:00:00', '2024-03-12 12:00:00'),

(16, 16, '외식·카페 업종 다양한 경험', TRUE,
 '종로구 음식점 홀 서빙과 대학로 카페 바리스타 경험이 있습니다. 서비스업에 대한 이해도가 높고 손님 응대가 자연스럽습니다.',
 '2024-01-28 13:30:00', '2024-03-02 14:00:00'),

(17, 17, '편의점·물류 경력 보유, 야간 선호', TRUE,
 '해운대 편의점 야간 캐셔와 부산 물류터미널 상하차 경험이 있습니다. 지게차운전기능사 보유, 체력과 성실함이 강점입니다.',
 '2024-02-03 07:00:00', '2024-03-07 08:00:00'),

(18, 18, '베이커리·편의점 판매 경험, 친절한 고객응대', TRUE,
 '광주 베이커리 홀 판매와 전남 편의점 캐셔 업무를 수행했습니다. 재고 관리와 상품 진열 경험이 풍부합니다.',
 '2024-01-16 10:00:00', '2024-02-16 11:00:00'),

(19, 19, '제주 카페·음식점 서비스 경험 보유', TRUE,
 '제주도 카페 바리스타와 서귀포 음식점 홀 서빙 경험이 있습니다. 바리스타 2급 자격 보유, 관광 지역 고객 응대 경험이 풍부합니다.',
 '2024-02-12 14:30:00', '2024-03-14 15:00:00'),

(20, 20, 'PC방·편의점 야간 관리 경험, 꼼꼼한 관리자', TRUE,
 '인천 PC방 야간 관리자와 부평 편의점 매장 관리를 담당했습니다. 심야 고객 응대와 시설 점검에 익숙하며, 책임감 있게 업무를 수행합니다.',
 '2024-01-14 21:00:00', '2024-03-16 22:00:00');


-- ───────────────────────────────────────────────
-- 3. career — resume_id FK 직접 포함
--    member 1~10: 브랜드 연결 경력
--    member 11~20: 일반 경력
-- ───────────────────────────────────────────────
INSERT IGNORE INTO career (id, member_id, brand_id, company, role, start_date, end_date, resume_id) VALUES
-- member 1 (resume_id=1): 스타벅스 → 개인카페
(101, 1, 10,   '스타벅스',   '바리스타/음료 제조',       '2018-03-01', '2020-06-30', 1),
(102, 1, NULL, '홍익커피',   '매장 매니저',              '2020-08-01', '2022-12-31', 1),

-- member 2 (resume_id=2): GS25 → CU
(103, 2, 7,    'GS25',       '야간 캐셔 및 매장관리',    '2017-06-01', '2019-02-28', 2),
(104, 2, 6,    'CU',         '점포 운영 및 재고관리',    '2019-05-01', '2021-08-31', 2),

-- member 3 (resume_id=3): 맥도날드 → 롯데리아
(105, 3, 20,   '맥도날드',   '홀 서빙 및 주방 보조',    '2019-04-01', '2021-03-31', 3),
(106, 3, 19,   '롯데리아',   '주방 파트타이머',          '2021-06-01', '2022-11-30', 3),

-- member 4 (resume_id=4): 쿠팡 → 한강유통
(107, 4, 1,    '쿠팡 물류센터', '물류 상하차 및 분류',   '2020-01-01', '2022-04-30', 4),
(108, 4, NULL, '한강유통',   '창고 관리 보조',           '2022-07-01', NULL,         4),

-- member 5 (resume_id=5): 배달의민족 → 요기요
(109, 5, 40,   '배달의민족', '배달 라이더',              '2019-09-01', '2021-01-31', 5),
(110, 5, 42,   '요기요',     '배달/픽업 라이더',         '2021-04-01', '2023-03-31', 5),

-- member 6 (resume_id=6): 교촌치킨 → BBQ
(111, 6, 27,   '교촌치킨',   '주방 파트타이머',          '2018-07-01', '2020-02-29', 6),
(112, 6, 28,   'BBQ',        '홀 서빙 및 주방 보조',    '2020-05-01', '2022-06-30', 6),

-- member 7 (resume_id=7): 메가커피 → 개인카페
(113, 7, 11,   '메가커피',   '바리스타 및 음료 제조',   '2020-11-01', '2023-01-31', 7),
(114, 7, NULL, '오렌지카페', '매장 운영 보조',           '2023-03-01', NULL,         7),

-- member 8 (resume_id=8): 투썸플레이스 → 빽다방
(115, 8, 12,   '투썸플레이스', '바리스타 및 케이크 판매', '2019-05-01', '2021-09-30', 8),
(116, 8, 15,   '빽다방',     '바리스타',                 '2021-12-01', '2023-05-31', 8),

-- member 9 (resume_id=9): 파리바게뜨 → 뚜레쥬르
(117, 9, 36,   '파리바게뜨', '홀 서빙 및 포장 업무',    '2018-02-01', '2020-07-31', 9),
(118, 9, 35,   '뚜레쥬르',   '빵 포장 및 홀 관리',      '2020-10-01', '2023-02-28', 9),

-- member 10 (resume_id=10): 3POP PC방 → 개인 PC방
(119, 10, 37,  '3POP PC방',  '매장 관리 및 고객응대',   '2020-06-01', '2022-08-31', 10),
(120, 10, NULL,'게임존 PC방', '야간 관리자',             '2022-10-01', NULL,         10),

-- member 11 (resume_id=11)
(121, 11, NULL, '선릉카페',      '바리스타',             '2021-03-01', '2022-09-30', 11),
(122, 11, NULL, '강남편의점',    '야간 캐셔',            '2022-11-01', NULL,         11),

-- member 12 (resume_id=12)
(123, 12, NULL, '동탄물류센터',  '물류 상하차',          '2020-05-01', '2022-04-30', 12),
(124, 12, NULL, '인천항 배송센터','분류 작업원',         '2022-07-01', '2023-12-31', 12),

-- member 13 (resume_id=13)
(125, 13, NULL, '홍대 이자카야', '홀 서빙',              '2019-08-01', '2021-02-28', 13),
(126, 13, NULL, '마포구 식당',   '주방 보조',            '2021-05-01', '2022-10-31', 13),

-- member 14 (resume_id=14)
(127, 14, NULL, '서초구 베이커리','빵 포장 및 판매',     '2020-02-01', '2021-11-30', 14),
(128, 14, NULL, '강남구 카페',   '홀 운영 및 주문 응대', '2022-01-01', NULL,         14),

-- member 15 (resume_id=15)
(129, 15, NULL, '판교 IT기업',   '사무보조 (파트타임)', '2021-06-01', '2022-12-31', 15),
(130, 15, NULL, '성남 물류창고', '피킹 및 패킹 작업',   '2023-02-01', NULL,         15),

-- member 16 (resume_id=16)
(131, 16, NULL, '종로구 음식점', '홀 서빙 및 주방 보조', '2020-09-01', '2022-08-31', 16),
(132, 16, NULL, '대학로 카페',   '바리스타 (주말 알바)', '2022-10-01', '2023-06-30', 16),

-- member 17 (resume_id=17)
(133, 17, NULL, '해운대 편의점', '야간 캐셔',            '2019-11-01', '2021-05-31', 17),
(134, 17, NULL, '부산 물류터미널','상하차 작업원',       '2021-08-01', '2022-12-31', 17),

-- member 18 (resume_id=18)
(135, 18, NULL, '광주 베이커리', '홀 판매 및 포장',      '2020-04-01', '2022-03-31', 18),
(136, 18, NULL, '전남 편의점',   '캐셔 및 진열',         '2022-06-01', NULL,         18),

-- member 19 (resume_id=19)
(137, 19, NULL, '제주도 카페',   '바리스타',             '2021-01-01', '2022-07-31', 19),
(138, 19, NULL, '서귀포 음식점', '홀 서빙',              '2022-09-01', '2023-11-30', 19),

-- member 20 (resume_id=20)
(139, 20, NULL, '인천 PC방',     '야간 관리자',          '2020-07-01', '2022-06-30', 20),
(140, 20, NULL, '부평 편의점',   '매장 관리 및 캐셔',    '2022-09-01', NULL,         20);


-- ───────────────────────────────────────────────
-- 4. license — resume_id FK 직접 포함
-- ───────────────────────────────────────────────
INSERT IGNORE INTO license (id, member_id, license_name, license_number, acquisition_date, issued_by, license_file_url, resume_id) VALUES
(101,  1,  '바리스타 2급',        'BRS-2022-001', '2022-04-15', '한국커피협회',      NULL, 1),
(102,  2,  '유통관리사 2급',       'DIS-2020-002', '2020-08-20', '대한상공회의소',    NULL, 2),
(103,  3,  '조리기능사 (한식)',     'CKK-2021-003', '2021-05-10', '한국산업인력공단',  NULL, 3),
(104,  4,  '지게차운전기능사',      'FRK-2019-004', '2019-11-25', '한국산업인력공단',  NULL, 4),
(105,  5,  '오토바이 2종 소형면허', 'MCL-2018-005', '2018-07-01', '도로교통공단',      NULL, 5),
(106,  6,  '조리기능사 (양식)',     'CKW-2020-006', '2020-03-18', '한국산업인력공단',  NULL, 6),
(107,  7,  '바리스타 1급',        'BRS-2023-007', '2023-02-20', '한국커피협회',      NULL, 7),
(108,  8,  '제과제빵기능사',       'BKR-2021-008', '2021-09-05', '한국산업인력공단',  NULL, 8),
(109,  9,  '제과제빵기능사',       'BKR-2022-009', '2022-06-12', '한국산업인력공단',  NULL, 9),
(110, 10,  '컴퓨터활용능력 2급',   'CCP-2021-010', '2021-12-01', '대한상공회의소',    NULL, 10),
(111, 11,  '바리스타 2급',        'BRS-2022-011', '2022-09-30', '한국커피협회',      NULL, 11),
(112, 13,  '조리기능사 (한식)',     'CKK-2022-013', '2022-08-14', '한국산업인력공단',  NULL, 13),
(113, 15,  '컴퓨터활용능력 1급',   'CCP-2022-015', '2022-11-08', '대한상공회의소',    NULL, 15),
(114, 17,  '지게차운전기능사',      'FRK-2021-017', '2021-04-22', '한국산업인력공단',  NULL, 17),
(115, 19,  '바리스타 2급',        'BRS-2021-019', '2021-05-30', '한국커피협회',      NULL, 19);


-- ───────────────────────────────────────────────
-- 5. highest_education — resume_id FK 직접 포함
-- ───────────────────────────────────────────────
INSERT IGNORE INTO highest_education (id, member_id, school_name, school_type, major, resume_id) VALUES
(101,  1,  '서울대학교',       '4년제 대학교',    '식품공학과',           1),
(102,  2,  '경기대학교',       '4년제 대학교',    '경영학과',             2),
(103,  3,  '부산대학교',       '4년제 대학교',    '조리외식학과',         3),
(104,  4,  '인천대학교',       '4년제 대학교',    '물류시스템학과',       4),
(105,  5,  '인천전문대학교',   '2년제 전문대',    NULL,                   5),
(106,  6,  '한양대학교',       '4년제 대학교',    '식품영양학과',         6),
(107,  7,  '연세대학교',       '4년제 대학교',    '생활과학부',           7),
(108,  8,  '성신여자대학교',   '4년제 대학교',    '식품영양학과',         8),
(109,  9,  '덕성여자대학교',   '4년제 대학교',    '식품영양학과',         9),
(110, 10,  '세종사이버대학교', '사이버 대학교',   '컴퓨터공학과',         10),
(111, 11,  '강남대학교',       '4년제 대학교',    NULL,                   11),
(112, 12,  '수원과학대학교',   '2년제 전문대',    NULL,                   12),
(113, 13,  '경희대학교',       '4년제 대학교',    '조리·서비스경영학과',  13),
(114, 14,  '서원대학교',       '4년제 대학교',    '제과제빵학과',         14),
(115, 15,  '국민대학교',       '4년제 대학교',    '경영정보학과',         15),
(116, 16,  '동국대학교',       '4년제 대학교',    '관광경영학과',         16),
(117, 17,  '동명대학교',       '4년제 대학교',    NULL,                   17),
(118, 18,  '조선대학교',       '4년제 대학교',    '식품공학과',           18),
(119, 19,  '제주대학교',       '4년제 대학교',    '관광학부',             19),
(120, 20,  '인하대학교',       '4년제 대학교',    '경영학과',             20);

-- 1) 희망 업종 (desired_business_type) 추가
INSERT IGNORE INTO desired_business_type (member_id, type) VALUES (1, 'CAFE'), (2, 'RETAIL_STORE'), (3, 'FOOD_RESTAURANT'), (4, 'MANUAL_LABOR'), (5, 'DELIVERY_DRIVER'), (6, 'FOOD_RESTAURANT'), (7, 'CAFE'), (8, 'CAFE'), (9, 'FOOD_RESTAURANT'), (10, 'RETAIL_STORE'), (11, 'CAFE'), (12, 'MANUAL_LABOR'), (13, 'FOOD_RESTAURANT'), (14, 'FOOD_RESTAURANT'), (15, 'SERVICE'), (16, 'FOOD_RESTAURANT'), (17, 'RETAIL_STORE'), (18, 'RETAIL_STORE'), (19, 'CAFE'), (20, 'RETAIL_STORE');
-- 2) 희망 근무지 (member_preferred_region) 추가 -- region 테이블에서 sido/sigungu로 id를 찾아서 넣습니다.
INSERT IGNORE INTO member_preferred_region (member_id, region_id) VALUES (1, (SELECT id FROM region WHERE sido = '서울특별시' AND sigungu = '중구')), (2, (SELECT id FROM region WHERE sido = '경기도' AND sigungu = '시흥시')), (3, (SELECT id FROM region WHERE sido = '서울특별시' AND sigungu = '종로구')), (4, (SELECT id FROM region WHERE sido = '경기도' AND sigungu = '성남시 분당구')), (5, (SELECT id FROM region WHERE sido = '인천광역시' AND sigungu = '남동구')), (6, (SELECT id FROM region WHERE sido = '경기도' AND sigungu = '오산시')), (7, (SELECT id FROM region WHERE sido = '서울특별시' AND sigungu = '강남구')), (8, (SELECT id FROM region WHERE sido = '서울특별시' AND sigungu = '중구')), (9, (SELECT id FROM region WHERE sido = '경기도' AND sigungu = '성남시 분당구')), (10, (SELECT id FROM region WHERE sido = '서울특별시' AND sigungu = '성동구')), (11, (SELECT id FROM region WHERE sido = '서울특별시' AND sigungu = '강남구')), (12, (SELECT id FROM region WHERE sido = '경기도' AND sigungu = '화성시')), (13, (SELECT id FROM region WHERE sido = '서울특별시' AND sigungu = '마포구')), (14, (SELECT id FROM region WHERE sido = '서울특별시' AND sigungu = '서초구')), (15, (SELECT id FROM region WHERE sido = '경기도' AND sigungu = '성남시 분당구')), (16, (SELECT id FROM region WHERE sido = '서울특별시' AND sigungu = '종로구')), (17, (SELECT id FROM region WHERE sido = '부산광역시' AND sigungu = '해운대구')), (18, (SELECT id FROM region WHERE sido = '광주광역시' AND sigungu = '광산구')), (19, (SELECT id FROM region WHERE sido = '제주특별자치도' AND sigungu = '제주시')), (20, (SELECT id FROM region WHERE sido = '인천광역시' AND sigungu = '부평구'));